no,username,testId,topic,Wishlist,About Me,School Supplies,Things To Do,Best Friend,CITY_TOWN,WEATHER,FAMILY,CELEBRATIONS
1,A2391044,1667891,Wishlist,0.09630419706,0.013522739,0,0,0,0.007142168091,0.002376611759,0,0.005591783749
2,A2391044,1667891,About Me,0.008205430379,0.1030834768,0.008645390604,0.01542304965,0.02585834042,0.02745619974,0.03096996021,0.03166751547,0.02497492402
3,A2391044,1667891,School Supplies,0,0,0.06920042902,0,0,0,0,0,0
4,A2543812,1786865,About Me,0,0.01116308281,0,0,0,0,0,0,0
5,A2543812,1786865,School Supplies,0,0.01067518182,0.1007887746,0,0.007928794204,0.0209840034,0,0.004047556615,0
6,A2543812,1786865,Wishlist,0.03257729773,0,0,0,0,0,0,0,0
7,C2130502,1417170,About Me,0.02028350326,0.1994056942,0.006174186432,0.07735850774,0.02418135072,0.03551403915,0.07208298509,0.04642158225,0.03838511327
8,C2130502,1417170,Things To Do,0.01266245727,0.07300436469,0.001184195126,0.3081063797,0.06291814076,0.02654817493,0.06792482583,0.03925018057,0.03786889706
9,C2130502,1417170,Best Friend,0.004776846978,0.04015838583,0.001934574924,0.0555304787,0.2381095495,0.01915831279,0.02755268148,0.03978960913,0.02059443569
10,C2211421,1495628,About Me,0.03815622233,0.02614956422,0.06617797457,0.04788812278,0.01456657952,0.04337018841,0,0.003718034154,0
11,C2211421,1495628,School Supplies,0,0,0.1190631049,0,0,0,0,0,0
12,C2211421,1495628,Wishlist,0.1228401009,0.01408289875,0.01920789402,0,0,0.02660504713,0.008815946405,0.007007999775,0.00570055012
13,E2193976,1478868,Best Friend,0.08728909502,0.1869429526,0.01892422506,0.07303502365,0.07497815034,0.07165669547,0.1281348546,0.07867735076,0.1008713826
14,E2193976,1478868,About Me,0.0170082975,0.1095833651,0.01021542393,0.02520523981,0.01495660803,0.02949721645,0.03371952989,0.032482931,0.03188322164
15,E2193976,1478868,Things To Do,0.04164190791,0.2711395145,0.009320513701,0.2987426992,0.0687226185,0.0565160343,0.2408242615,0.07083378494,0.09554302105
16,F2402431,1678025,About Me,0.02486852965,0.212807586,0.01014810453,0.02291497267,0.02385282863,0.04251251173,0.06451698149,0.101488882,0.05725603459
17,F2402431,1678025,Things To Do,0.02008302186,0.07892673913,0.007428667853,0.2368491253,0.01748958983,0.03725876031,0.06064489387,0.06552926056,0.07153611322
18,F2402431,1678025,Best Friend,0.009724745277,0.02566713547,0.001164846554,0.01425868826,0.1520365892,0.01476868104,0.0201489954,0.01299011538,0.01133950723
19,F2604487,1838797,About Me,0.01843422166,0.1969709488,0.007496633188,0.1012561387,0.02640339008,0.0305588109,0.09077668541,0.07147176324,0.05259736428
20,F2604487,1838797,Wishlist,0.141163773,0.0197077007,0.03067729398,0.006672680668,0.01922241111,0.02388207211,0.01909931554,0.03686027687,0.01294460482
21,F2604487,1838797,School Supplies,0.03406107895,0.01500899079,0.174460704,0.004879534191,0.004452761063,0.02768093163,0.007532462312,0.01590126265,0.006532306946
22,J2214674,1498742,About Me,0.04835542063,0.3740560786,0.0254215711,0.03999573068,0.06573850035,0.1351457359,0.1271820962,0.2198844984,0.1191358498
23,J2214674,1498742,School Supplies,0,0,0.02825095684,0,0,0,0,0,0
24,J2214674,1498742,Wishlist,0.03257729773,0,0,0,0,0,0,0,0
25,J2575754,1811216,Wishlist,0.1669608708,0.01852678687,0.01928826312,0.005013375126,0.005146758023,0.01260093313,0.01204402994,0.006478086118,0.008968520711
26,J2575754,1811216,About Me,0.02361567111,0.1457328184,0.007906253353,0.01617869312,0.01534797261,0.023106182,0.03490783439,0.06910861419,0.02926722787
27,J2575754,1811216,School Supplies,0,0,0,0,0,0,0,0,0
28,K2130462,1417130,Things To Do,0.00794836239,0.06989336504,0.003087341069,0.283163096,0.04197194688,0.02502735635,0.05898686754,0.02908509437,0.02519118712
29,K2130462,1417130,About Me,0.01587980258,0.2040327568,0.02579194806,0.02581736408,0.08169970465,0.0398317323,0.04432509624,0.08043856519,0.0319899822
30,K2130462,1417130,Best Friend,0.007511695953,0.07185411547,0.005445647821,0.03334426674,0.4408619833,0.04691654644,0.05644671168,0.06529228827,0.03629144958
31,K2607189,1841498,About Me,0.01273554109,0.174525755,0.007510787244,0.04763685972,0.04562527415,0.05521113937,0.05974294232,0.07485263009,0.04500224236
32,K2607189,1841498,Wishlist,0.1634074983,0.02462426717,0.008743201842,0.006975250698,0.006995828113,0.03165139407,0.01896969077,0.01159181587,0.0171306602
33,K2607189,1841498,School Supplies,0.0273316893,0.05368859519,0.177250494,0.001605368801,0.0117196821,0.04414851592,0.01997200614,0.03648941629,0.01670467507
34,K2754060,1966632,Best Friend,0.005871515195,0.03162433132,0.005725556825,0.02887312825,0.1826842528,0.0494473337,0.06335407369,0.04670129409,0.06377105209
35,K2754060,1966632,About Me,0.02625644856,0.2002602797,0.0194687301,0.04331428839,0.02516045492,0.04176755632,0.05484911904,0.1136498789,0.05238547734
36,K2754060,1966632,Things To Do,0.02351846358,0.06256715721,0.009686839434,0.2927560591,0.02468475162,0.06741219736,0.08408448517,0.06474197048,0.07334917401
37,L2365401,1642913,About Me,0.01259176405,0.1534377548,0.005458222795,0.02134716105,0.03042721962,0.04434764553,0.03904904497,0.09019535048,0.0463491638
38,L2365401,1642913,School Supplies,0,0.008134244406,0.1849174355,0,0.002294419811,0.01711499281,0.0008644129217,0.002644082948,0
39,L2365401,1642913,Wishlist,0.1421497824,0.004426341004,0.01154808246,0.002228398977,0.002033499061,0.0058528599,0.0009623558321,0.007707796309,0.0009848718578
40,M2126970,1413708,Things To Do,0.03440450518,0.09465053663,0.008551737153,0.3538554534,0.05859194383,0.109587035,0.1470259737,0.08662990263,0.1035428621
41,M2126970,1413708,Best Friend,0.01138877824,0.06499018906,0.009014928495,0.03215756026,0.395474742,0.08725850574,0.09022992134,0.1202813226,0.09162495513
42,M2126970,1413708,About Me,0.01982656519,0.2787458805,0.009034010061,0.1121210785,0.06120426378,0.07581733213,0.1234658185,0.1085001192,0.08759289402
43,M2247538,1530414,Wishlist,0.2027280418,0.0251917605,0.01663552397,0.01020572868,0.00439119382,0.06374423099,0.06019545478,0.01545796175,0.02249464639
44,M2247538,1530414,About Me,0.01078680242,0.1570171993,0.01208305318,0.00657121206,0.02712768121,0.02658072027,0.006220047254,0.06612451048,0.00350993724
45,M2247538,1530414,School Supplies,0.0346434917,0.02175244982,0.1848136418,0.01115113469,0.004797971341,0.05312203991,0.06280744279,0.01346844656,0.02103723707
46,N2196111,1480932,Wishlist,0.284698136,0.009671718777,0.001291218545,0.004458631331,0.01584893697,0.02628962327,0.006393001277,0.01530229453,0.01214661482
47,N2196111,1480932,About Me,0.01588145645,0.1808168144,0.0214888178,0.01271001134,0.02948057083,0.04188578745,0.03897097268,0.08447338333,0.04525010478
48,N2196111,1480932,School Supplies,0.005662394927,0.01209640905,0.2996039052,0.001165564298,0.007847615866,0.02872785579,0.004597000061,0.01582626512,0.004482305193
49,N2341802,1620683,Things To Do,0.03815622233,0.02614956422,0.06617797457,0.04788812278,0.01456657952,0.04337018841,0,0.003718034154,0
50,N2341802,1620683,Best Friend,0.03815622233,0.02614956422,0.06617797457,0.04788812278,0.01456657952,0.04337018841,0,0.003718034154,0
51,N2341802,1620683,About Me,0.0254508347,0.1732297756,0.01177694216,0.05214627485,0.02038186915,0.0372775964,0.06492950546,0.04169523859,0.02934145623
52,N2686425,1910822,About Me,0.02308167008,0.2198222664,0.01514155433,0.02091642404,0.03091427152,0.07421013078,0.07664658591,0.07864341332,0.06427702916
53,N2686425,1910822,School Supplies,0.01882237072,0.004921049304,0.2648312306,0.002436846847,0.002223715693,0.004707543665,0.002090873794,0.01539451678,0.003475205338
54,N2686425,1910822,Wishlist,0.03815622233,0.02614956422,0.06617797457,0.04788812278,0.01456657952,0.04337018841,0,0.003718034154,0
55,P2126713,1413487,About Me,0.01075409523,0.1088935648,0.01042306214,0.03792263669,0.02201604689,0.02182204085,0.03077976531,0.02925751805,0.01541338853
56,P2126713,1413487,Things To Do,0.01171031605,0.01673386073,0.007894198735,0.1614989661,0.0213105394,0.02609524386,0.004250621136,0.01699330748,0.002822196856
57,P2126713,1413487,Best Friend,0.02041220623,0.01514996061,0.001605486287,0.007251855465,0.2023814561,0.0362697309,0.004064284463,0.02504662552,0.003971765368
58,P2310281,1589832,Things To Do,0.01894949317,0.0545073011,0.00491186313,0.129052521,0.036126082,0.02828811962,0.04145775122,0.03610092439,0.02555742566
59,P2310281,1589832,About Me,0.01998536783,0.1662581143,0.007412644961,0.02654288802,0.04631149955,0.02269082249,0.03829499164,0.03184749707,0.02351353263
60,P2310281,1589832,Best Friend,0.02880627655,0.08589534325,0.005841524101,0.04153193002,0.2276832547,0.03471925298,0.05486547947,0.04022839131,0.03207394939
61,P2365297,1642809,School Supplies,0,0,0.02825095684,0,0,0,0,0,0
62,P2365297,1642809,Wishlist,0.03257729773,0,0,0,0,0,0,0,0
63,P2365297,1642809,About Me,0.03815622233,0.02614956422,0.06617797457,0.04788812278,0.01456657952,0.04337018841,0,0.003718034154,0
64,P2445780,1722513,Wishlist,0.07979775664,0,0,0,0,0,0,0,0
65,P2445780,1722513,About Me,0.001794141236,0.07065251509,0.008311056445,0.003002325721,0.005479473467,0.01247734615,0.002138494901,0.01106906285,0.0006634597623
66,P2445780,1722513,School Supplies,0.002860162059,0.008820683521,0.1122097347,0.004786210776,0.008735199774,0.007946881753,0.002066971805,0.009475836586,0.001057666142
67,Q2195895,1480716,Wishlist,0.1005926433,0.01453225169,0.01414518326,0,0,0.03131248176,0.007662098687,0.006993444846,0.007238185023
68,Q2195895,1480716,About Me,0.03610990328,0.1031131771,0.03131442416,0,0.01838049805,0.05776597338,0.04349296205,0.04926090259,0.04896161295
69,Q2195895,1480716,School Supplies,0.01363743664,0,0.1054330454,0,0,0,0,0,0
70,Q2242109,1524601,About Me,0.02506505123,0.2373003673,0.01083224633,0.07620420417,0.02943414468,0.05883387776,0.08741546487,0.08739489464,0.05813707041
71,Q2242109,1524601,School Supplies,0.004334232557,0,0.1720870442,0,0,0,0,0,0
72,Q2242109,1524601,Wishlist,0.2707630787,0.03155743271,0.02569863671,0.006885698693,0.006131040951,0.03546510653,0.0174543081,0.0216388914,0.02076824982
73,Q2363304,1640912,About Me,0.02671360496,0.2709377182,0.01561304209,0.05912149241,0.04513721908,0.08042506988,0.1157040641,0.07997798116,0.0712675105
74,Q2363304,1640912,Best Friend,0.01259728283,0.01504447499,0.007430975203,0.01478490807,0.2676635223,0.02863761832,0.004965161639,0.01635486452,0.002258686113
75,Q2363304,1640912,Things To Do,0.01822013855,0.03773247917,0.008714576902,0.3205181729,0.02895303174,0.08452042291,0.08192982975,0.03598862127,0.08750839326
76,Q2599699,1834044,About Me,0.02233823454,0.2908602901,0.02404296757,0.05662102642,0.03762434792,0.07968103146,0.0966072459,0.09634008271,0.08110069347
77,Q2599699,1834044,School Supplies,0.007733243128,0.04725694568,0.1968300128,0.01441467104,0.01261389719,0.02506855391,0.0216784807,0.05015105639,0.01118427641
78,Q2599699,1834044,Wishlist,0.1665440027,0.01288194246,0.02498026679,0,0.00171357341,0.01261083338,0.007874409457,0.0107896494,0.004564583495
79,R2128864,1415571,Best Friend,0.008309342522,0.06291261476,0.009816908785,0.04877414842,0.4285071261,0.0470346717,0.04629557237,0.07182164227,0.0331350957
80,R2128864,1415571,About Me,0.02105538356,0.2172983392,0.008266391579,0.08280059958,0.05970996637,0.03895106104,0.07255006202,0.04639792987,0.0354538677
81,R2128864,1415571,Things To Do,0.01639748027,0.09845630739,0.008783044673,0.3381312605,0.03522374132,0.05722653346,0.1052274226,0.03354605771,0.04858045741
82,R2185981,1470990,Wishlist,0.2225245543,0.05731072799,0.01230606593,0.04394598746,0.01852926755,0.03287666342,0.04709633114,0.02066099632,0.04102861433
83,R2185981,1470990,About Me,0.01070722677,0.1883782803,0.01516804766,0.08638112734,0.02932931647,0.03366561744,0.07398571545,0.03760351126,0.04270815101
84,R2185981,1470990,School Supplies,0.03815622233,0.02614956422,0.06617797457,0.04788812278,0.01456657952,0.04337018841,0,0.003718034154,0
85,R2391182,1668029,About Me,0.03701592183,0.3067733219,0.03120023742,0.06128103747,0.04520033308,0.1077115112,0.1178920502,0.09055508239,0.1161879738
86,R2391182,1668029,School Supplies,0.02766634677,0.04467538095,0.493740049,0.0213704797,0.02216498767,0.06004650498,0.05255175952,0.02731508796,0.05432653681
87,R2391182,1668029,Wishlist,0.2844302446,0.01197566813,0.002229164707,0.003400151506,0.01245768056,0.01486868899,0.004346341872,0.007041325212,0.002048920517
88,R2403592,1679009,About Me,0.03673710271,0.1560119812,0.004698789666,0.09976553506,0.02609597223,0.04464042772,0.1284257965,0.03008655169,0.04516538918
89,R2403592,1679009,Things To Do,0.01332238837,0.08804825202,0.002981887949,0.2035638616,0.02489022366,0.02288448553,0.07773344027,0.02340289261,0.03056683271
90,R2403592,1679009,Best Friend,0.007269500029,0.004981998905,0,0,0.05750601108,0.008459694161,0,0.005666860656,0
91,R2724169,1941964,Wishlist,0.4785891491,0.06061168978,0.02389963399,0.04529220728,0.02602431257,0.09658282621,0.1185487573,0.04922519483,0.06517845469
92,R2724169,1941964,About Me,0.05486873836,0.3645103295,0.0296448216,0.06920808939,0.05624345967,0.122309484,0.1332125615,0.1545003679,0.1137504386
93,R2724169,1941964,School Supplies,0.01736207868,0.01359557873,0.4537211552,0.004976783154,0.003422817909,0.01763417481,0.009219372242,0.006127519876,0.02205632511
94,S2062106,1352749,Things To Do,0.03815622233,0.02614956422,0.06617797457,0.04788812278,0.01456657952,0.04337018841,0,0.003718034154,0
95,S2130424,1417092,About Me,0.0216921724,0.1964517428,0.008541539637,0.02097190493,0.03612931095,0.03758470432,0.04965690286,0.07260744888,0.0328446469
96,S2130424,1417092,Things To Do,0.0108671113,0.04934024942,0.004192419941,0.2900832317,0.01707852271,0.0183373359,0.04306171423,0.02329466914,0.02153154854
97,S2130424,1417092,Best Friend,0.007493223802,0.06583059007,0.006039828566,0.01819382204,0.2477173132,0.06774856761,0.06526983749,0.0793418827,0.04045186802
98,S2572936,1808501,School Supplies,0.03815622233,0.02614956422,0.06617797457,0.04788812278,0.01456657952,0.04337018841,0,0.003718034154,0
99,T2129422,1416131,Best Friend,0.01771694043,0.06545819404,0.005493565867,0.08954086325,0.2928449998,0.07331391776,0.0738877705,0.06011262001,0.06264844436
100,T2129422,1416131,About Me,0.01169739189,0.1879184937,0.007586925705,0.03843054699,0.04156775634,0.04204545341,0.05539171574,0.05464953387,0.03585558065
101,T2129422,1416131,Things To Do,0.01549425462,0.06711668623,0.001755957768,0.3044902672,0.06325266352,0.04564368679,0.05455969082,0.01615497742,0.01998228495
102,T2445801,1722534,About Me,0.01118359884,0.1705011856,0.008408827731,0.01500288802,0.03290558333,0.04385034115,0.04892251734,0.08659539744,0.05445710203
103,T2445801,1722534,School Supplies,0.03815622233,0.02614956422,0.06617797457,0.04788812278,0.01456657952,0.04337018841,0,0.003718034154,0
104,T2445801,1722534,Wishlist,0.2099818049,0.02931245528,0.00109329909,0.02485165102,0.00589098665,0.01394998723,0.02020304533,0.0164138829,0.01674586267
105,U2215035,1499102,Wishlist,0.1508058927,0.02258650192,0.04322253719,0.006359455543,0.00652865146,0.01006982877,0.02162025736,0.01617936109,0.01252177041
106,U2215035,1499102,About Me,0.0123458142,0.2128262621,0.02287192462,0.01554803795,0.03481486009,0.05923126338,0.06346500787,0.1106623259,0.06249660188
107,U2215035,1499102,School Supplies,0.004994418961,0.009232404586,0.1709328215,0.001613239252,0.001472142349,0.01117589106,0.003135118974,0.007021681676,0.002138980438
108,U2228777,1511783,About Me,0.03815622233,0.02614956422,0.06617797457,0.04788812278,0.01456657952,0.04337018841,0,0.003718034154,0
109,U2403424,1678840,About Me,0.01624597632,0.2024900263,0.003520926598,0.06253207373,0.02334462146,0.03048235057,0.06495643308,0.06088055836,0.04137890633
110,U2403424,1678840,Things To Do,0.007431296352,0.0310356776,0.0007683355302,0.245867824,0.01978990275,0.01270495311,0.02777467708,0.01121731394,0.01226243712
111,U2403424,1678840,Best Friend,0,0.01030166553,0.03476123496,0,0.03920958006,0.02024978948,0,0.003905935763,0
112,V2292297,1572364,About Me,0.02071625069,0.1912709054,0.01848891444,0.0249488208,0.03788352091,0.0654857999,0.05178908619,0.1088032985,0.05906118602
113,V2292297,1572364,School Supplies,0.01191111949,0.0463022191,0.1748926701,0.01374100192,0.02426797372,0.02974265349,0.03014292689,0.04857621066,0.03008078355
114,V2292297,1572364,Wishlist,0.2138106729,0.02768180108,0.003943086011,0.007357339272,0.005479809053,0.0298288351,0.0364255216,0.03011462988,0.02451552545
115,V2732462,1948503,About Me,0.06015428768,0.2222387474,0.007294440766,0.0849774013,0.03670129674,0.06629541634,0.1230715824,0.08746777285,0.08261400368
116,V2732462,1948503,School Supplies,0.03815622233,0.02614956422,0.06617797457,0.04788812278,0.01456657952,0.04337018841,0,0.003718034154,0
117,V2732462,1948503,Wishlist,0.2542598657,0.09020127237,0.00682137818,0.04161844062,0.02517464274,0.05396956915,0.08401159911,0.06663578717,0.0626429815
118,W2186138,1471146,About Me,0.0104668614,0.1520307386,0.01142283793,0.008283335271,0.01078483561,0.03118564309,0.01297196287,0.0135017918,0.00449900559
119,W2186138,1471146,School Supplies,0.004190795943,0.006792325627,0.2270370285,0,0,0.007409825477,0.002271442196,0.0130588125,0.003092812617
120,W2186138,1471146,Wishlist,0.1218930867,0,0,0,0,0,0,0,0
121,W2402229,1677823,About Me,0.01811740657,0.2653854256,0.01254905556,0.1079890443,0.03495406316,0.06850110282,0.09896544083,0.09145046967,0.09497274149
122,W2402229,1677823,Things To Do,0.01798653385,0.09489579789,0.01377877481,0.3641191232,0.0432283106,0.06871024363,0.09794353494,0.08649095866,0.08987905105
123,W2402229,1677823,Best Friend,0.009893998249,0.06440383899,0.01825578548,0.06073815496,0.2880390122,0.05337490597,0.07352869718,0.06866184176,0.05630749683
124,X2572951,1808516,About Me,0.03438943075,0.2424188531,0.01628130543,0.07131959636,0.0546588123,0.09200053502,0.1220226028,0.1098851196,0.08400848732
125,X2572951,1808516,School Supplies,0.005080210042,0.008202080565,0.1829014307,0.00145511897,0.001327851561,0.01820728076,0.005581344111,0.01227304228,0.001929330078
126,X2572951,1808516,Wishlist,0.03815622233,0.02614956422,0.06617797457,0.04788812278,0.01456657952,0.04337018841,0,0.003718034154,0
127,Y2556512,1795431,Best Friend,0.01723864309,0.04461351272,0.01331131173,0.01556637734,0.2491695979,0.05814157496,0.0504397669,0.07087672089,0.05077267758
128,Y2556512,1795431,About Me,0.009701339857,0.1829855266,0.007541138761,0.06937610671,0.03343374848,0.02841731977,0.05284255244,0.05350997782,0.02544106948
129,Y2556512,1795431,Things To Do,0.01152306486,0.06545513796,0.003175748689,0.2703902865,0.03875702465,0.03396057341,0.08629730445,0.02216571693,0.03121327415
130,Y2744833,1959012,About Me,0.03815622233,0.02614956422,0.06617797457,0.04788812278,0.01456657952,0.04337018841,0,0.003718034154,0
131,Y2744833,1959012,Things To Do,0.03815622233,0.02614956422,0.06617797457,0.04788812278,0.01456657952,0.04337018841,0,0.003718034154,0
132,Y2744833,1959012,Best Friend,0.01808714444,0.03280006293,0.005458095359,0.02469979924,0.171487732,0.06078063805,0.08522786731,0.03790665441,0.04210667211
133,Z2686461,1910858,About Me,0.02103901761,0.150706145,0.007438336682,0.02134611005,0.02337322043,0.02901710152,0.04250483229,0.0717165363,0.03152593503
134,Z2686461,1910858,School Supplies,0.01680859775,0.006738832985,0.207628837,0.00138952716,0.001267996532,0.01293897907,0.004143815326,0.02011494388,0.009726443911
135,Z2686461,1910858,Wishlist,0.2089939315,0.02127674602,0.01269360773,0.007817178584,0.006917507872,0.02367627764,0.01837673036,0.009474874286,0.0246131714
136,A3243960,2425634,CITY_TOWN,0.03815622233,0.02614956422,0.06617797457,0.04788812278,0.01456657952,0.04337018841,0,0.003718034154,0
137,A3243960,2425634,WEATHER,0.01744723402,0.0467395245,0.004278762863,0.03124784269,0.01975011891,0.04290575628,0.1124765884,0.07081889815,0.05561447157
138,A3243960,2425634,FAMILY,0.00713867922,0.05088752733,0.002476185194,0.01647739728,0.0103122815,0.02317817078,0.03136278178,0.1673214562,0.0456825729
139,C2979366,2178300,CITY_TOWN,0.01627559391,0.0434291804,0.005121992872,0.02094742231,0.02230035199,0.1177584218,0.07195012703,0.04251114133,0.04004072998
140,C2979366,2178300,WEATHER,0.02887651367,0.1003483875,0.009494661045,0.08282799305,0.03105194059,0.09742192571,0.2730361944,0.06138664545,0.07699859442
141,C2979366,2178300,FAMILY,0.02934547173,0.130074772,0.02131651248,0.05968481651,0.09344355144,0.09659752924,0.1149079497,0.3285922103,0.07073802953
142,C2987553,2186102,CELEBRATIONS,0.01968999689,0.08118410348,0.003201339379,0.05224382632,0.03070484666,0.04446505658,0.08854154839,0.06018686822,0.1376108783
143,C2987553,2186102,CITY_TOWN,0.006494882308,0.03659202654,0.005825381085,0.01086893259,0.01812803786,0.08180834522,0.03225562081,0.06726230705,0.03437641398
144,C2987553,2186102,WEATHER,0.01768219207,0.05886655473,0.005377365619,0.06903481156,0.02233674248,0.05720585021,0.1255606523,0.03384491417,0.04841837817
145,D3082747,2277106,CELEBRATIONS,0.01387521648,0.06869731733,0.005706261401,0.03272941748,0.03640329113,0.0555940632,0.07706365124,0.09727934343,0.3011801709
146,D3082747,2277106,CITY_TOWN,0.0136469073,0.05144829891,0.01322513962,0.02003729909,0.058795899,0.2235337029,0.07220170179,0.07063832286,0.06460047618
147,D3082747,2277106,WEATHER,0.02109287204,0.06729339166,0.007496635027,0.03907411109,0.03898883175,0.04826882829,0.1288905321,0.06276991652,0.05683657031
148,E2824037,2030188,CITY_TOWN,0.03674375885,0.05099384921,0.02339679887,0.03715782471,0.03559714543,0.2376085149,0.06625359525,0.05625348885,0.05541195082
149,E2824037,2030188,WEATHER,0.02075571672,0.07621916693,0.0124748102,0.06497033117,0.03408503576,0.09015353899,0.2012568438,0.1013958758,0.130237393
150,E2824037,2030188,FAMILY,0.020300978,0.09472861207,0.02865098653,0.03540044471,0.04524590772,0.1016475886,0.09189364944,0.2599610343,0.1118243353
151,E3115254,2308601,CITY_TOWN,0.01220247517,0.07443004699,0.01457307663,0.01767106625,0.0373007355,0.1188812051,0.06120740561,0.06375365835,0.04899372708
152,E3115254,2308601,WEATHER,0.009834925241,0.04981099113,0.007354298889,0.02402225745,0.02392798934,0.04646806224,0.1218476083,0.03956553447,0.07371588244
153,E3115254,2308601,FAMILY,0.02639918736,0.1362279642,0.0171867702,0.02518937896,0.05634622037,0.08278348287,0.07957091175,0.2717617467,0.08483607722
154,E3243783,2425458,CITY_TOWN,0.0141744334,0.03787165932,0.001114485164,0.05524409966,0.00883031946,0.09343227737,0.05294719548,0.05388843183,0.03364662616
155,E3243783,2425458,WEATHER,0.005543245859,0.05013542491,0.007884065162,0.02544522258,0.02998002253,0.03751768204,0.1273207431,0.0712345239,0.06872253073
156,E3243783,2425458,FAMILY,0.01722068195,0.08212330142,0.0115767296,0.04709526184,0.0293098824,0.06721605672,0.07785061209,0.2319334809,0.08163588999
157,F2824101,2030248,CITY_TOWN,0.04531955359,0.06940972754,0.02124348758,0.05710084186,0.02915273386,0.3201675395,0.1530483229,0.07260417105,0.1100057116
158,F2824101,2030248,WEATHER,0.05539814159,0.09358168402,0.02389794675,0.07671605735,0.05690320327,0.1618253963,0.3597683574,0.1290622664,0.1021093835
159,F2824101,2030248,FAMILY,0.02754307603,0.08362389824,0.02419197072,0.03455891416,0.06962168619,0.1055328637,0.09141222482,0.3305998856,0.07438218665
160,F3088031,2282384,CELEBRATIONS,0.02081445432,0.05385228095,0.01123581861,0.03582339946,0.03035909811,0.08866880798,0.1035503567,0.07681233687,0.2505149812
161,F3088031,2282384,CITY_TOWN,0.008280438105,0.01982085359,0.006043821452,0.008267148158,0.004841323488,0.09655805269,0.02934866023,0.01946356051,0.03299181177
162,F3088031,2282384,WEATHER,0.02682396993,0.08914217161,0.01317990364,0.0612184975,0.04487408583,0.1133045531,0.2195856513,0.09174029972,0.1124686978
163,F3242967,2424671,CITY_TOWN,0.0264048196,0.03211252725,0.01273568959,0.03394739261,0.02185728524,0.1709650016,0.1275067231,0.04014203053,0.06564317861
164,F3242967,2424671,WEATHER,0.05295135487,0.0955875637,0.01057075778,0.08892518166,0.02937861142,0.09012985125,0.2330369612,0.04586207056,0.07067548188
165,F3242967,2424671,FAMILY,0.0277118255,0.1050866405,0.01866412344,0.03015383673,0.04049596129,0.09532265963,0.156982555,0.2709970897,0.07264160948
166,F3242977,2424681,CITY_TOWN,0.03815622233,0.02614956422,0.06617797457,0.04788812278,0.01456657952,0.04337018841,0,0.003718034154,0
167,F3242977,2424681,FAMILY,0.02417087788,0.1590994267,0.02796207557,0.03537229733,0.05981157356,0.08813482223,0.1110849142,0.3497272412,0.1299693099
168,F3242977,2424681,WEATHER,0.00603016982,0.03124611336,0.002931665814,0.007325561055,0.01928234259,0.03658474146,0.09625860245,0.04419816123,0.03606604824
169,G3091939,2286276,FAMILY,0.02161483941,0.1403202177,0.009087810902,0.05503406591,0.07154307962,0.09989142394,0.1132915524,0.388202179,0.146850384
170,G3091939,2286276,CITY_TOWN,0.06387491361,0.04443703052,0.02705431231,0.02729511815,0.0123153205,0.2108789127,0.09827097224,0.03996147683,0.06090721063
171,G3091939,2286276,WEATHER,0.03364453201,0.07860343338,0.008316821714,0.07753297399,0.03138383849,0.0971147474,0.2225900398,0.06887001561,0.0837719479
172,G3146629,2337550,CELEBRATIONS,0.03802484387,0.101186569,0.01828654628,0.08664543352,0.04143442809,0.09192310738,0.1544592442,0.08660399494,0.286348038
173,G3146629,2337550,CITY_TOWN,0.002988070956,0.03717228605,0.007566259695,0.03101229805,0.03176346018,0.1222251881,0.04627017066,0.04389623346,0.04051555188
174,G3146629,2337550,WEATHER,0.01964669929,0.07317876399,0.007173478552,0.05251200982,0.03286314284,0.08333590662,0.2725274498,0.05873597828,0.1046075774
175,H2903814,2106362,CELEBRATIONS,0.01673100596,0.05967977512,0.006437688875,0.02864193464,0.01493961285,0.04729762731,0.04662037962,0.06529059706,0.1264819545
176,H2903814,2106362,CITY_TOWN,0.01298639513,0.05078911396,0.01482378357,0.02472997564,0.01648912591,0.09620447953,0.04756684312,0.04292017009,0.08733506363
177,H2903814,2106362,WEATHER,0.03540190407,0.08785531048,0.006151681173,0.05060492611,0.01809449806,0.0535463894,0.1135406999,0.06193323037,0.1009222069
178,H2937626,2138526,CITY_TOWN,0.02372685789,0.05118797846,0.0109825679,0.04569754287,0.0419267498,0.2351478032,0.1328312511,0.05440016559,0.09205478107
179,H2937626,2138526,FAMILY,0.01069124701,0.09416780993,0.008271610401,0.02218151552,0.03680773881,0.06486517897,0.06844358398,0.3119814882,0.07065764196
180,H2937626,2138526,WEATHER,0.03197758838,0.06298132966,0.008462466761,0.04742797811,0.02697855948,0.1202154399,0.2677446728,0.05738663281,0.07069414713
181,H3219555,2403643,CITY_TOWN,0.01746453248,0.02632328129,0.0101030112,0.02717227579,0.01072163881,0.1187234712,0.06938681405,0.04357898216,0.03845156692
182,H3219555,2403643,WEATHER,0.04179308029,0.04911829395,0.0073694854,0.04721162586,0.0213883525,0.062928016,0.1542957754,0.0415488935,0.04135996865
183,H3219555,2403643,FAMILY,0.007404318946,0.07810234433,0.006635395768,0.01794348777,0.03568319529,0.0612112266,0.05179656111,0.2423153385,0.05479289812
184,K3240911,2422734,WEATHER,0.01097951956,0.06783875023,0.01687250826,0.03956590195,0.03380882865,0.06632931028,0.1548164913,0.06617256817,0.04790191476
185,K3240911,2422734,CITY_TOWN,0.01150958045,0.02416578895,0.006990186769,0.01168021674,0.03684356225,0.1402516478,0.01984517692,0.031167721,0.01887010209
186,K3240911,2422734,FAMILY,0.03033870703,0.1011280892,0.02233287077,0.03188895843,0.03849730007,0.07857490627,0.08637475675,0.2857750965,0.1105047262
187,L2982820,2181457,CITY_TOWN,0.00574692204,0.01541496143,0.003964959507,0.01181951699,0.007896818583,0.1261625481,0.02925192446,0.01187301778,0.03429648126
188,L2982820,2181457,FAMILY,0.01261325752,0.09392703567,0.007664741122,0.02676158012,0.04656529388,0.05950404945,0.06851586084,0.2312560331,0.07066087416
189,L2982820,2181457,WEATHER,0.01060481612,0.0288226376,0.003566289095,0.007686782898,0.01617003019,0.04416747874,0.09401371278,0.02831809696,0.02787046502
190,M3005429,2203165,CELEBRATIONS,0.01877674872,0.05856227862,0.01503321522,0.05087120445,0.04945240412,0.09166309643,0.1095196279,0.09784702097,0.375869551
191,M3005429,2203165,CITY_TOWN,0.01656802785,0.05527850934,0.01197897722,0.0471841415,0.0452667041,0.2334676278,0.120752331,0.05022761594,0.1065281988
192,M3005429,2203165,WEATHER,0.02505610212,0.1021730409,0.008964988548,0.0837398927,0.04675774453,0.09653549938,0.2754309418,0.06822000385,0.09774623309
193,M3206220,2391676,CELEBRATIONS,0.01616703604,0.08152128122,0.01264874589,0.06727211127,0.04029095638,0.08445276694,0.1019895911,0.1074777351,0.3317312366
194,M3206220,2391676,CITY_TOWN,0.03033252465,0.07085413412,0.02697152201,0.05374677502,0.03365149977,0.2295190439,0.09694457626,0.04720112288,0.09267792798
195,M3206220,2391676,WEATHER,0.02415551989,0.1094376239,0.01367506782,0.07064828489,0.04366218901,0.1171219443,0.2631573069,0.1009224555,0.09163898253
196,M3243765,2425440,CITY_TOWN,0.01655926916,0.1048822073,0.009573177714,0.02001414171,0.06624226597,0.05589320949,0.07197110395,0.1088466057,0.1035882293
197,M3243765,2425440,FAMILY,0.02873722396,0.110171025,0.01020444614,0.04573813252,0.02304477594,0.05840576474,0.08570483284,0.2472892893,0.05919518
198,M3243765,2425440,WEATHER,0.03232111999,0.08057498992,0.0139264557,0.0655318492,0.04124109782,0.1015228671,0.2411510339,0.08188092209,0.1020211894
199,N3222562,2406465,WEATHER,0.05121025891,0.1309791165,0.02179211557,0.08593043125,0.06570243949,0.1670600882,0.3946209106,0.130689055,0.1402676361
200,N3222562,2406465,CITY_TOWN,0.03815622233,0.02614956422,0.06617797457,0.04788812278,0.01456657952,0.04337018841,0,0.003718034154,0
201,N3222562,2406465,FAMILY,0.0405777944,0.1459318013,0.02636240144,0.08402030884,0.1007765434,0.1435725105,0.1784350682,0.3369426835,0.1757395463
202,N3243813,2425488,CITY_TOWN,0.02411116071,0.02598879301,0.01107980158,0.01045468066,0.01213941689,0.1021153479,0.03456775953,0.02343362915,0.01651547516
203,N3243813,2425488,FAMILY,0.01253901231,0.1123896067,0.01629185582,0.03721460706,0.04390060289,0.05991650035,0.08431024237,0.1534870039,0.04254193542
204,N3243813,2425488,WEATHER,0.006519189439,0.04840838134,0.006197722847,0.01975835992,0.0462154823,0.03368857201,0.101188408,0.04671678263,0.0404745955
205,P2902453,2105118,WEATHER,0.03456510437,0.08620048445,0.01253105217,0.08278734475,0.04487796683,0.132739018,0.3153067702,0.07660478632,0.1103368096
206,P2902453,2105118,CELEBRATIONS,0.03190116242,0.07653282731,0.01914218387,0.04727710618,0.03284109458,0.09282309416,0.1389464652,0.1047640162,0.3084572076
207,P2902453,2105118,CITY_TOWN,0.03361319868,0.03688080805,0.01482399491,0.03694875032,0.01891666318,0.1967373246,0.09262958257,0.04309289454,0.04788431072
208,P2991446,2189638,WEATHER,0.0507980792,0.08499111179,0.01915366024,0.05504952928,0.04181552796,0.09765865634,0.2103545438,0.07059966717,0.08427926116
209,P2991446,2189638,CELEBRATIONS,0.04459647066,0.09603261515,0.03083220416,0.05456804312,0.04330859535,0.1295980232,0.1171420861,0.09743227478,0.3228103761
210,P2991446,2189638,CITY_TOWN,0.05055362623,0.07337802935,0.03770837189,0.03046470436,0.03666297577,0.2791040364,0.1001272912,0.0752656744,0.07044933382
211,Q3146647,2337568,CITY_TOWN,0.007851919442,0.01064928405,0.03372456483,0.003963740996,0.01975830287,0.1037135555,0.001883195199,0.007392565972,0.00175183035
212,Q3146647,2337568,WEATHER,0.0169082155,0.06042142241,0.004426772441,0.04455264463,0.02944380373,0.05560285163,0.1149575417,0.03198213013,0.03775077621
213,Q3146647,2337568,CELEBRATIONS,0.01036436783,0.03565312776,0.008433098603,0.02235336147,0.02540255849,0.02231232839,0.04619079755,0.02707531333,0.1554070887
214,Q3227235,2410455,CELEBRATIONS,0.03479585284,0.1141257094,0.0212998243,0.07304925066,0.05954207121,0.1202782562,0.1708446901,0.1094269724,0.3595907
215,Q3227235,2410455,CITY_TOWN,0.0391463843,0.09676485282,0.01877510153,0.07500366365,0.05909173543,0.2501726109,0.1909999849,0.09240384687,0.1072550328
216,Q3227235,2410455,WEATHER,0.05393659335,0.1053156783,0.02184422291,0.07480378964,0.05594033667,0.1454292282,0.3689433742,0.08918490628,0.1304524456
217,Q3230996,2413800,CITY_TOWN,0.002241471795,0.02189007391,0.002915698694,0.003750891117,0.02738264967,0.0519101701,0.0308980862,0.03691203485,0.0198931007
218,Q3230996,2413800,FAMILY,0.009044211232,0.05294961621,0.007808136374,0.01627734672,0.04698467757,0.05395007069,0.0535540409,0.1444423999,0.0615686257
219,Q3230996,2413800,WEATHER,0.009982698803,0.04806678914,0.003344221835,0.01374173127,0.02252708514,0.03792470604,0.1069951278,0.05048108034,0.04596484046
220,S2681351,1906697,CELEBRATIONS,0.0250980254,0.07710590924,0.009601181179,0.04677739998,0.03691200191,0.08147556186,0.099233487,0.09826706082,0.3255309359
221,S2681351,1906697,CITY_TOWN,0.01358981582,0.04746396993,0.01350478388,0.02468335245,0.01732240792,0.1523276271,0.0750291027,0.04347791503,0.0416961545
222,S2681351,1906697,WEATHER,0.02162824941,0.09208847254,0.0151443296,0.05404162421,0.07831903653,0.1315019283,0.2702401031,0.1123163739,0.1109670287
223,S2889910,2093249,CITY_TOWN,0.01272023993,0.05018882626,0.009167314104,0.01408412901,0.05268221207,0.1653397138,0.0707150589,0.07318345018,0.04774576225
224,S2889910,2093249,WEATHER,0.01506225788,0.07112387895,0.003314561608,0.07647532174,0.0338879227,0.04508213025,0.1332255581,0.0358608729,0.0355580718
225,S2889910,2093249,FAMILY,0.02600528409,0.159091701,0.01342623779,0.06386356135,0.08345838411,0.1249367108,0.1465296859,0.4077488242,0.1408669034
226,S2965055,2164649,CELEBRATIONS,0.007939709423,0.05072595857,0.002050624295,0.04388362145,0.01846056289,0.02936399542,0.04418383984,0.07324133949,0.1624778014
227,S2965055,2164649,CITY_TOWN,0.01358280473,0.01549853838,0.02008117966,0.009293836554,0.01708045281,0.1335535185,0.002733133221,0.009194354171,0.0007838118449
228,S2965055,2164649,WEATHER,0.01372594962,0.08286065119,0.003596621301,0.05977235238,0.03329170241,0.04277258244,0.1567878396,0.06521447978,0.06009719415
229,S3229162,2412284,FAMILY,0.02770622274,0.06625978074,0.02334598198,0.03013853932,0.0418963226,0.09292279442,0.07670088616,0.2085026916,0.07777347798
230,S3229162,2412284,CITY_TOWN,0.03815622233,0.02614956422,0.06617797457,0.04788812278,0.01456657952,0.04337018841,0,0.003718034154,0
231,S3229162,2412284,WEATHER,0.02944628874,0.06749627232,0.01476676161,0.04765529905,0.04158275433,0.1304629059,0.3240507393,0.08310674473,0.1219594763
232,S3243501,2425181,WEATHER,0.03226561746,0.1372108863,0.009293896309,0.1532316203,0.03871275735,0.09150892703,0.236911826,0.1407948886,0.1432891831
233,S3243501,2425181,CITY_TOWN,0.0257407067,0.107763216,0.01037214968,0.07069324467,0.02420362893,0.139438978,0.1442581811,0.09024285311,0.05686563936
234,S3243501,2425181,FAMILY,0.01976227007,0.1596055115,0.01984905757,0.04039896319,0.02616876168,0.05899063208,0.07492905278,0.2072412749,0.05409593815
235,S3243769,2425444,CITY_TOWN,0,0.005249658412,0.003321391496,0,0.002924315147,0.03427849142,0.005535742387,0.002985657292,0.001416315231
236,S3243769,2425444,FAMILY,0.007270801986,0.0296783848,0.005659141392,0.0238322725,0.01666854106,0.0308829877,0.03738543931,0.1177498813,0.05111397248
237,S3243769,2425444,WEATHER,0.01476790092,0.05421197073,0.002739837166,0.022695995,0.008566018356,0.02687247815,0.08932637719,0.05338006329,0.05778362305
238,T2822138,2028351,CELEBRATIONS,0.03696416831,0.08782998125,0.02496791239,0.05982251479,0.0389936811,0.08401004376,0.1116367774,0.1179402474,0.3182853115
239,T2822138,2028351,CITY_TOWN,0.04218107781,0.07408064365,0.0251646345,0.02841123842,0.043470961,0.2599591545,0.1042176887,0.07987661092,0.0664692173
240,T2822138,2028351,WEATHER,0.03498714654,0.08452932378,0.01259951785,0.05811236017,0.05546955357,0.1168861461,0.266810814,0.07955546082,0.1123182917
241,T3272461,2450432,WEATHER,0.009467828162,0.02456171525,0.003780428804,0.00936297581,0.007551148867,0.04149193609,0.1047971323,0.02022462032,0.03784182758
242,T3272461,2450432,CITY_TOWN,0.01883318665,0.05811830024,0.01018630107,0.03383901308,0.03222235766,0.1987062256,0.1092046029,0.05974970516,0.06568405484
243,T3272461,2450432,CELEBRATIONS,0.02635604401,0.06347940163,0.01703332641,0.02147209855,0.0267205339,0.1082232485,0.09151090111,0.06199190481,0.1893494758
244,T3272529,2450500,CITY_TOWN,0.01399253119,0.03669311549,0.01829312587,0.03086252961,0.03735997402,0.1818151154,0.1037886085,0.0487660728,0.07759757486
245,T3272529,2450500,WEATHER,0.03740558983,0.07911304892,0.01953054538,0.04349791748,0.05556407638,0.1493975443,0.331962306,0.09516988353,0.1304808877
246,T3272529,2450500,CELEBRATIONS,0.02165277651,0.04795672507,0.01936580455,0.04231773465,0.04137143805,0.1201173846,0.1266967954,0.05018460202,0.2474413035
247,U3043229,2238702,CELEBRATIONS,0.01161311173,0.05513039431,0.003820672112,0.02970159853,0.03696488731,0.05972482811,0.07741962742,0.08637240463,0.2660568319
248,U3043229,2238702,CITY_TOWN,0.01569533412,0.06410219975,0.007061166414,0.02160789655,0.03155491351,0.1701911109,0.07592934778,0.06304309298,0.05966611498
249,U3043229,2238702,WEATHER,0.01286437369,0.03052029975,0.01321281229,0.01546864689,0.02357159225,0.06343149706,0.1200385215,0.03189731445,0.04637248428
250,U3175471,2364228,CITY_TOWN,0.03815622233,0.02614956422,0.06617797457,0.04788812278,0.01456657952,0.04337018841,0,0.003718034154,0
251,U3175471,2364228,FAMILY,0.03815622233,0.02614956422,0.06617797457,0.04788812278,0.01456657952,0.04337018841,0,0.003718034154,0
252,U3175471,2364228,WEATHER,0.0009597479354,0.01534224358,0.001248436767,0.001606047425,0.03671989363,0.01797787866,0.06964701346,0.02176684496,0.01844845083
253,U3242989,2424693,CITY_TOWN,0.02232876292,0.04151721963,0.01241843026,0.01458133942,0.02110643475,0.1693113017,0.05230084062,0.04710953906,0.04674756414
254,U3242989,2424693,FAMILY,0.01213132009,0.1033172775,0.02055940297,0.02446327176,0.04334595295,0.08344461181,0.07577392111,0.2573597158,0.08072774447
255,U3242989,2424693,WEATHER,0.03751041577,0.07507109179,0.0118374759,0.06553109883,0.03243042233,0.1152412662,0.3550128465,0.06844659685,0.06981093172
256,V3206205,2391661,CELEBRATIONS,0.01802082281,0.07779353635,0.01788569588,0.05003636878,0.04629992772,0.1068538088,0.1436292519,0.08559723403,0.3796087029
257,V3206205,2391661,CITY_TOWN,0.0204313595,0.07812271236,0.01600768326,0.03189381044,0.05893368504,0.3130536618,0.1164905341,0.09039562984,0.1020279785
258,V3206205,2391661,WEATHER,0.0192554865,0.09039664074,0.01449320455,0.0623400681,0.0505684936,0.1228561953,0.2847401371,0.0869392856,0.1538632129
259,V3242993,2424697,CITY_TOWN,0.03815622233,0.02614956422,0.06617797457,0.04788812278,0.01456657952,0.04337018841,0,0.003718034154,0
260,V3242993,2424697,FAMILY,0.02411710434,0.1533667178,0.01434532058,0.06627785414,0.05481274438,0.1022306505,0.1651707115,0.3349134356,0.1218427131
261,V3242993,2424697,WEATHER,0.04580264258,0.09721180274,0.01660615028,0.0940487908,0.03772445107,0.132937075,0.4138878454,0.08875322047,0.08830737961
262,V3246581,2428164,WEATHER,0.02512503038,0.06634757788,0.007872321366,0.05296531654,0.03315304628,0.1054504386,0.2641776611,0.05164545364,0.06607994212
263,V3246581,2428164,CITY_TOWN,0.01810751105,0.01725270323,0.006726364417,0.00662965362,0.02529299205,0.1096986823,0.006666258005,0.01766716568,0.001288229176
264,V3246581,2428164,FAMILY,0.01249056975,0.04171903307,0.007268211138,0.01179347559,0.02810414416,0.02466748874,0.008898053653,0.1394150501,0.003893135345
265,W2828456,2034428,WEATHER,0.03629648059,0.1119411352,0.02353220326,0.08459634419,0.03965729474,0.09776585371,0.2720799827,0.07443867741,0.08857194391
266,W2828456,2034428,CELEBRATIONS,0.01428204985,0.04806143621,0.01009207583,0.02602202376,0.02510870805,0.06000109984,0.07361805609,0.06137035332,0.216484759
267,W2828456,2034428,CITY_TOWN,0.03732701071,0.04481287967,0.04096256897,0.0273213307,0.02352347369,0.2447879811,0.07331538554,0.03706454824,0.0726566303
268,W3146649,2337570,CELEBRATIONS,0.02360202186,0.1014513393,0.01509691459,0.05364948074,0.03199975015,0.07240210134,0.09628404831,0.07176186387,0.2181312828
269,W3146649,2337570,WEATHER,0.02949794023,0.1116925936,0.02420420201,0.05202549734,0.05508166715,0.1263579753,0.2551491991,0.1008890367,0.1107812079
270,W3146649,2337570,CITY_TOWN,0.03940000558,0.1376454407,0.02070561182,0.0690795837,0.06704966159,0.2919521613,0.1691190933,0.1291709633,0.1104019152
271,W3156472,2346694,CITY_TOWN,0.03815622233,0.02614956422,0.06617797457,0.04788812278,0.01456657952,0.04337018841,0,0.003718034154,0
272,W3156472,2346694,FAMILY,0.01319295952,0.04429640737,0.009088267087,0.01583342458,0.02588720515,0.03946094549,0.04867946745,0.230786791,0.04482245482
273,W3156472,2346694,WEATHER,0.01376538313,0.05409656485,0.003899012217,0.04754237585,0.01397342876,0.04846929087,0.2114617334,0.03577741777,0.03909257657
274,X2949977,2150382,CITY_TOWN,0.02215556026,0.04311700563,0.01463316185,0.01621347714,0.03566173591,0.1470708423,0.06021060702,0.06112070517,0.03063897657
275,X2949977,2150382,FAMILY,0.02099708732,0.09306741148,0.02238486118,0.02761469989,0.05047207048,0.07179115991,0.07910631085,0.2844220219,0.07850472267
276,X2949977,2150382,WEATHER,0.01528949614,0.0261283234,0.003828916775,0.009545558737,0.01446966186,0.03836513579,0.09185015373,0.03834278657,0.02990073401
277,X3198675,2384755,CITY_TOWN,0,0.005676963425,0,0,0.01264937931,0.01341624121,0,0,0
278,X3198675,2384755,CELEBRATIONS,0.009820336022,0.05442265121,0.004008495309,0.03206668977,0.02119415841,0.05185203965,0.07189564803,0.08786685581,0.2484428206
279,X3198675,2384755,WEATHER,0.01607977529,0.08893191027,0.003331634655,0.0806554045,0.02164572503,0.04133376131,0.2241819105,0.02774925362,0.03665633455
280,X3244812,2426480,CITY_TOWN,0.03815622233,0.02614956422,0.06617797457,0.04788812278,0.01456657952,0.04337018841,0,0.003718034154,0
281,X3244812,2426480,FAMILY,0.01411052441,0.08848875594,0.01139572522,0.02966106952,0.06652636179,0.06540624339,0.07215747139,0.3244684873,0.09716812751
282,X3244812,2426480,WEATHER,0.03931979182,0.0787419354,0.01670288835,0.04172290125,0.03035320288,0.0963208589,0.2011207739,0.09675828306,0.1085269908
283,X3259071,2438720,FAMILY,0.02776816606,0.08818332847,0.01550073967,0.06359623586,0.0258948569,0.07600903355,0.09218147042,0.2735510992,0.1014879129
284,X3259071,2438720,WEATHER,0.0263342109,0.07427348747,0.005468037651,0.06632072725,0.03030033731,0.05901420066,0.1941726752,0.05605888749,0.06232939054
285,X3259071,2438720,CITY_TOWN,0.009563270792,0.0135776203,0.008124125136,0.006155826535,0.01502368099,0.1599587131,0.006239963008,0.02005854715,0.003310664242
286,Y3093224,2287548,CITY_TOWN,0.01124461733,0.01895330441,0.01064529223,0.01523699123,0.009815279386,0.1210592505,0.03289808293,0.01440052047,0.01694552653
287,Y3093224,2287548,WEATHER,0.0186473002,0.04125979774,0.006612421883,0.01827430211,0.02184991157,0.05981252631,0.1647232284,0.05278433528,0.05099310084
288,Y3093224,2287548,CELEBRATIONS,0.01992408496,0.04732590961,0.01135953305,0.01665655403,0.01936919401,0.04537986842,0.04927627159,0.03911553866,0.1735727595
289,Y3117210,2310557,WEATHER,0.01411526472,0.05332394284,0.0114385361,0.04608832917,0.03089742561,0.06358390714,0.1715338179,0.04340948645,0.07225103207
290,Y3117210,2310557,CITY_TOWN,0.02059864761,0.07985422922,0.003593657934,0.09440226195,0.02504203718,0.1098356705,0.07786568732,0.04823334057,0.06091775438
291,Y3117210,2310557,FAMILY,0.01838708309,0.1382336367,0.006504835454,0.08276596445,0.03050045511,0.05582745202,0.1042795584,0.2188477504,0.08106329155
292,Y3245913,2427568,CITY_TOWN,0.02481987104,0.01820327508,0.01808117464,0.008851410482,0.03329424201,0.1378719396,0.00465910821,0.01952947228,0.003202455363
293,Y3245913,2427568,WEATHER,0.026444969,0.1049129529,0.006268699673,0.08879325869,0.03801589257,0.08164938149,0.3094496497,0.07293296365,0.08061286898
294,Y3245913,2427568,FAMILY,0.01464311809,0.0470164635,0.01649573908,0.0164097171,0.03679722271,0.04281445232,0.01251013589,0.2219829794,0.006309878272
295,Z3115214,2308561,CITY_TOWN,0.01593266311,0.05432548189,0.01694595494,0.03024225964,0.0343284258,0.1459598548,0.06705149465,0.05224947522,0.04746135627
296,Z3115214,2308561,FAMILY,0.01117556352,0.1402478046,0.01243514663,0.02151965261,0.06754717846,0.06519168581,0.06207852048,0.2148515013,0.07157739304
297,Z3115214,2308561,WEATHER,0.03074414244,0.09034727657,0.01101302212,0.06144925175,0.04598948499,0.06816697094,0.1882249255,0.06286318721,0.07173441589
298,Z3206200,2391656,WEATHER,0.02201728288,0.08839295235,0.009426152102,0.08406031538,0.03454704554,0.0708219499,0.1958031711,0.03505475441,0.07816225087
299,Z3206200,2391656,CITY_TOWN,0.01991990065,0.03907718972,0.03083669646,0.02445842448,0.0258281871,0.2361229994,0.07804660042,0.0587067562,0.04800242218
300,Z3206200,2391656,CELEBRATIONS,0.03146154291,0.08541498564,0.01493506142,0.04539078346,0.03880494319,0.09129432706,0.1122187433,0.1196362355,0.2948085994
301,B3328361,2480898,WEATHER,0.05617460608,0.09311658276,0.0170695303,0.05911165551,0.04962496365,0.1719520297,0.3119286441,0.1042748501,0.1237419513
302,B3328361,2480898,FAMILY,0.02678061603,0.09463478407,0.0155704464,0.04567602558,0.08350970146,0.08319835644,0.09712028342,0.3467230382,0.1080135331
303,B3328361,2480898,CITY_TOWN,0.04855600289,0.08167470764,0.01685022514,0.05735712235,0.04404869993,0.3519022942,0.1728772875,0.1169718836,0.1029787857
304,E3323175,2479309,WEATHER,0.02373170304,0.0622015595,0.009412490072,0.03124434858,0.03192269171,0.07617368101,0.1456606961,0.07935104577,0.07093424456
305,E3323175,2479309,CITY_TOWN,0.01962104066,0.05855381005,0.008967650215,0.03836319904,0.02351268963,0.2521991236,0.0688615886,0.07304549335,0.05918635826
306,E3323175,2479309,FAMILY,0.01923717246,0.08839320751,0.009881106274,0.03958325458,0.04210124023,0.07341390905,0.07815818223,0.2488026146,0.08220193083
307,H3327455,2480214,CITY_TOWN,0.03815622233,0.02614956422,0.06617797457,0.04788812278,0.01456657952,0.04337018841,0,0.003718034154,0
308,H3327455,2480214,FAMILY,0.01416109069,0.1306358376,0.01250382991,0.03425859927,0.06516085629,0.081762523,0.08841836129,0.2945194286,0.1126847558
309,H3327455,2480214,WEATHER,0.003870846986,0.02892999146,0.002156470946,0.009254979986,0.01890063218,0.02410717175,0.05003329157,0.0487353943,0.02919813441
310,H3327458,2480217,CITY_TOWN,0,0,0,0,0,0,0,0,0
311,H3327458,2480217,FAMILY,0.01399071664,0.08962838696,0.01119768303,0.02241468335,0.03233975235,0.03935854879,0.05279664026,0.2725091938,0.04556702149
312,H3327458,2480217,WEATHER,0,0,0,0,0,0,0,0,0
313,L3319836,2478451,WEATHER,0.02387304209,0.04070025548,0.0101401985,0.02581030832,0.03498307416,0.08957419842,0.1831407133,0.04005106991,0.07882006161
314,L3319836,2478451,CITY_TOWN,0.01746425395,0.06062720346,0.01720112555,0.02072692697,0.04798704573,0.2323418963,0.07767816627,0.08360085867,0.0664085166
315,L3319836,2478451,CELEBRATIONS,0.02477071355,0.06987077903,0.01257713283,0.04462538751,0.03097680475,0.08192126489,0.09624766307,0.06541347533,0.2333992124
316,M3338903,2487374,WEATHER,0.00613143952,0.02248028255,0.01248696604,0.007161959481,0.01641962718,0.02462073914,0.05808516305,0.02130533951,0.01855192238
317,M3338903,2487374,FAMILY,0.01032159166,0.0526398684,0.008216703679,0.01295489255,0.04050394599,0.04685523891,0.04685671007,0.1746996504,0.04508884218
318,M3338903,2487374,CITY_TOWN,0.01017824154,0.02693403916,0.002324068753,0.007147858357,0.01852589167,0.08008703515,0.02435781072,0.03806483437,0.01972143622
319,R3328249,2480786,CITY_TOWN,0.009345265653,0.05248649177,0.006373906805,0.02149084865,0.03328957367,0.1488660809,0.06889074215,0.06480256134,0.06558513612
320,R3328249,2480786,FAMILY,0.0169146371,0.1089524721,0.009741747877,0.02799027835,0.04962613538,0.07900944574,0.07945265035,0.2851682538,0.0856632819
321,R3328249,2480786,WEATHER,0.01191884354,0.07831384853,0.01082160828,0.02555188748,0.06653511828,0.1061058762,0.1936576547,0.1060546821,0.09642164942
322,Z3353777,2499566,FAMILY,0.01870314988,0.06904873161,0.01300137499,0.02490697464,0.04102297929,0.05672787909,0.04408118819,0.2189878139,0.04225883371
323,Z3353777,2499566,WEATHER,0.01765117126,0.01475615278,0.002143255437,0.003269113842,0.01324024845,0.01776301039,0.05867168325,0.02702054054,0.002201972359
324,Z3353777,2499566,CITY_TOWN,0.0256442099,0.04026686199,0.01900153491,0.02508125273,0.02143807292,0.153181183,0.04942029317,0.04250232486,0.04576778552