no,testId,topic,distIMF,distIMM,distISE,distINE,maxSim,predicted,expected,binary,distIMF-pos,distIMM-pos,distISE-pos,distINE-pos
1,1667891,Wishlist,0.009291529238,0,0,0.09638955652,0.09638955652,N-NE,N-NE,NESE,0.08697645,0.07822732,0.04469202,0.77406101
2,1667891,About Me,0.06239094741,0.2686908642,0.008583887624,0.001132088976,0.2686908642,N-MM,N-MM,MMMF,0.23173402,0.31903951,0.18143323,0.11100098
3,1667891,School Supplies,0,0,0.09879012602,0,0.09879012602,N-SE,N-SE,NESE,0.25746387,0.1988065,0.30552652,0.13266606
4,1786865,About Me,0,0,0,0.03078953304,0.03078953304,N-NE,N-NE,NESE,0.19514123,0.20408571,0.47925134,0.30206659
5,1786865,School Supplies,0.005304241334,0.01984890182,0.01501850789,0.1074550589,0.1074550589,N-NE,N-NE,NESE,0.19514123,0.20408571,0.47925134,0.30206659
6,1786865,Wishlist,0,0,0,0.03078953304,0.03078953304,N-NE,N-NE,NESE,0.00271036,0,0,0.01088826
7,1417170,About Me,0.1972838191,0.05129745746,0.01039886441,0,0.1972838191,N-MF,N-MF,MMMF,0.53219454,0.35969411,0.31422677,0.16997718
8,1417170,Things To Do,0.1837065765,0.04320080965,0.0110583972,0,0.1837065765,N-MF,N-MF,MMMF,0.43245996,0.24360964,0.13337908,0.05686996
9,1417170,Best Friend,0.1319042743,0.02965710483,0.01096767898,0.007458856536,0.1319042743,N-MF,N-MF,MMMF,0.4364447,0.30386575,0.29620313,0.16890717
10,1495628,About Me,0,0,0,0.2820613403,0.2820613403,N-NE,N-NE,NESE,0.27107499,0.10934117,0.0869048,0.06194802
11,1495628,School Supplies,0.003900637861,0.1342442404,0.007362882748,0,0.1342442404,N-MM,N-MM,MMMF,0.11457418,0.21497276,0.11621819,0.05849935
12,1495628,Wishlist,0.02246738975,0.1470730642,0.004839834131,0,0.1470730642,N-MM,N-MM,MMMF,0.25250242,0.22248851,0.1808353,0.05286692
13,1478868,Best Friend,0.20689107,0.08504778618,0.01673698446,0.01277739736,0.20689107,N-MF,N-NE,NESE,0.23719329,0.15922923,0.05608733,0.01157331
14,1478868,About Me,0.1125611146,0.02855597724,0.004789332165,0.001234589311,0.1125611146,N-MF,N-MF,MMMF,0.25540212,0.19854132,0.28426526,0.13071638
15,1478868,Things To Do,0.3234251612,0.1179860732,0.04153975224,0,0.3234251612,N-MF,N-SE,NESE,0.36996034,0.18234745,0.0823053,0.04008272
16,1678025,About Me,0.2061974384,0.02547423334,0.03779068654,0.0004922146591,0.2061974384,N-MF,N-MF,MMMF,0.54734482,0.34172285,0.29444101,0.15839978
17,1678025,Things To Do,0.1787353038,0.02203886484,0.02222337706,0.0007200314915,0.1787353038,N-MF,N-MF,MMMF,0.47886479,0.25254735,0.17154341,0.0551214
18,1678025,Best Friend,0.07440443025,0.0222528684,0.001246161675,0.0009513483709,0.07440443025,N-MF,N-MF,MMMF,0.30346875,0.26495073,0.21390464,0.17179474
19,1838797,About Me,0.2200888996,0.05427914643,0.02948034197,0,0.2200888996,N-MF,N-MF,MMMF,0.34534802,0.1959305,0.14410351,0.05840343
20,1838797,Wishlist,0.07888611411,0.005587222894,0.01646893081,0,0.07888611411,N-MF,N-MF,MMMF,0.31154803,0.19997973,0.18943097,0.03299879
21,1838797,School Supplies,0.0712029663,0.01459397717,0.009752236775,0,0.0712029663,N-MF,N-MF,MMMF,0.2743612,0.17566063,0.18294396,0.04465968
22,1498742,About Me,0.3829581649,0.05758954331,0.07918053866,0.002242854615,0.3829581649,N-MF,N-MF,MMMF,0.73409345,0.49339884,0.40251305,0.17183364
23,1498742,School Supplies,0,0,0,0.03078953304,0.03078953304,N-NE,N-NE,NESE,0.19514123,0.20408571,0.47925134,0.30206659
24,1498742,Wishlist,0,0,0,0.03078953304,0.03078953304,N-NE,N-NE,NESE,0,0,0,0
25,1811216,Wishlist,0.06403042672,0.01277457367,0.001404050673,0.001071884449,0.06403042672,N-MF,N-MF,MMMF,0.28313628,0.19233743,0.21279774,0.09412825
26,1811216,About Me,0.138189621,0.03216883306,0.0114117829,0.002782674312,0.138189621,N-MF,N-MF,MMMF,0.33150272,0.20957134,0.12631119,0.06428562
27,1811216,School Supplies,0,0,0,0,0,N-MF,N-NE,NESE,0.18453338,0.09328642,0.09857839,0.00904049
28,1417130,Things To Do,0.1603740525,0.03610307905,0.01164330516,0.002969246605,0.1603740525,N-MF,N-MF,MMMF,0.3522931,0.25616038,0.26300714,0.13656545
29,1417130,About Me,0.2015038346,0.04890942283,0.02781660443,0.01225514313,0.2015038346,N-MF,N-MF,MMMF,0.53498166,0.35351563,0.26617531,0.14277025
30,1417130,Best Friend,0.2224524835,0.03980773427,0.02977529502,0.01269600263,0.2224524835,N-MF,N-MF,MMMF,0.46662838,0.33266231,0.3381012,0.17454044
31,1841498,About Me,0.1855819223,0.02881450647,0.04069406016,0.005010691158,0.1855819223,N-MF,N-MF,MMMF,0.27580579,0.23766223,0.23814994,0.12360045
32,1841498,Wishlist,0.06902417513,0.02096135001,0.004769001579,0.001182881575,0.06902417513,N-MF,N-MF,MMMF,0.34209973,0.22094072,0.21434475,0.03790159
33,1841498,School Supplies,0.1014628632,0.04332905703,0.0336892602,0.00291058738,0.1014628632,N-MF,N-MF,MMMF,0.31119794,0.2025622,0.1974723,0.04485174
34,1966632,Best Friend,0.1305354385,0.01667132804,0.01363086942,0,0.1305354385,N-MF,N-MF,MMMF,0.49910358,0.32437718,0.21094438,0.0916315
35,1966632,About Me,0.2009175589,0.04222464208,0.02745035654,0.002092304535,0.2009175589,N-MF,N-MF,MMMF,0.56389595,0.35972354,0.36613268,0.1879654
36,1966632,Things To Do,0.1925759336,0.03435097204,0.01864644829,0.001068021649,0.1925759336,N-MF,N-MF,MMMF,0.54929897,0.32939476,0.21174242,0.06276865
37,1642913,About Me,0.1067810426,0.01611417971,0.3410304685,0.02829823706,0.3410304685,N-SE,N-SE,NESE,0.36436907,0.27100258,0.57440921,0.24089932
38,1642913,School Supplies,0.00250058753,0.006179569439,0.01504265667,0.2083276285,0.2083276285,N-NE,N-NE,NESE,0.16916311,0.17816401,0.52934382,0.50958815
39,1642913,Wishlist,0.01173333231,0,0.167580566,0,0.167580566,N-SE,N-SE,NESE,0.20517085,0.14235559,0.21010605,0.03120198
40,1413708,Things To Do,0.2538851279,0.05147328735,0.02559240915,0.001028032243,0.2538851279,N-MF,N-MF,MMMF,0.494177,0.27486926,0.1359987,0.04462021
41,1413708,Best Friend,0.241133633,0.01955382808,0.01972333142,0,0.241133633,N-MF,N-MF,MMMF,0.47232274,0.2817973,0.20820128,0.06275274
42,1413708,About Me,0.3128095309,0.05838365611,0.03887864534,0.0008686002606,0.3128095309,N-MF,N-MF,MMMF,0.518495,0.29399933,0.22904863,0.10599481
43,1530414,Wishlist,0.05501008864,0.2615452934,0.00818734731,0,0.2615452934,N-MM,N-MM,MMMF,0.24464461,0.29517114,0.20105967,0.1058359
44,1530414,About Me,0.009224348564,0.01261436642,0.06190767484,0.4438642492,0.4438642492,N-NE,N-NE,NESE,0.25346849,0.24566981,0.53606694,0.38351497
45,1530414,School Supplies,0.05881503321,0.2333293804,0.01077759088,0,0.2333293804,N-MM,N-MM,MMMF,0.31348887,0.32896448,0.17795497,0.0449712
46,1480932,Wishlist,0.001233457768,0,0.3752382578,0.05819875552,0.3752382578,N-SE,N-SE,NESE,0.26956839,0.24485895,0.65633417,0.34997393
47,1480932,About Me,0.08785640698,0.01310045516,0.4463041855,0.06304578583,0.4463041855,N-SE,N-SE,NESE,0.36954653,0.31547625,0.69620193,0.38747271
48,1480932,School Supplies,0.0086903951,0.003331128519,0.05002275285,0.3264501772,0.3264501772,N-NE,N-NE,NESE,0.36620111,0.33514852,0.60374585,0.51892448
49,1620683,Things To Do,0,0,0,0.2820613403,0.2820613403,N-NE,N-NE,NESE,0.27107499,0.10934117,0.0869048,0.06194802
50,1620683,Best Friend,0,0,0,0.2820613403,0.2820613403,N-NE,N-NE,NESE,0.27107499,0.10934117,0.0869048,0.06194802
51,1620683,About Me,0.1654598345,0.07029110213,0.01222969866,0.001913863275,0.1654598345,N-MF,N-MF,MMMF,0.4321598,0.27346397,0.2228453,0.13897597
52,1910822,About Me,0.2173216045,0.03850475276,0.04023702167,0.003610890999,0.2173216045,N-MF,N-MF,MMMF,0.54152376,0.39755908,0.29725348,0.14865939
53,1910822,School Supplies,0.07720709184,0.003944619756,0.008797904383,0,0.07720709184,N-MF,N-MF,MMMF,0.35035176,0.30939369,0.28025201,0.17881271
54,1910822,Wishlist,0,0,0,0.2820613403,0.2820613403,N-NE,N-NE,NESE,0.27107499,0.10934117,0.0869048,0.06194802
55,1413487,About Me,0.06475630241,0.2493494662,0.01365155421,0.02873081529,0.2493494662,N-MM,N-MM,MMMF,0.29692431,0.33552575,0.13790047,0.05726975
56,1413487,Things To Do,0.003867445965,0.01120940222,0.04391800131,0.2486223984,0.2486223984,N-NE,N-NE,NESE,0.18175611,0.1880428,0.67757454,0.55537953
57,1413487,Best Friend,0.003892010413,0.01526250694,0.06073300142,0.2812216067,0.2812216067,N-NE,N-NE,NESE,0.14091523,0.14368011,0.61246163,0.57004085
58,1589832,Things To Do,0.08710900696,0.04058174801,0.1640980892,0.001366234922,0.1640980892,N-SE,N-SE,NESE,0.23684738,0.13640736,0.17867781,0.03272447
59,1589832,About Me,0.1462324319,0.07457948142,0.009167388664,0.003217314424,0.1462324319,N-MF,N-MF,MMMF,0.39475798,0.34831364,0.24261067,0.14966919
60,1589832,Best Friend,0.1204996007,0.3085188608,0.018470059,0.01160156289,0.3085188608,N-MM,N-MM,MMMF,0.3254888,0.40168034,0.19615424,0.11054926
61,1642809,School Supplies,0,0,0.04033090006,0,0.04033090006,N-SE,N-SE,NESE,0.35253573,0.26555751,0.26455955,0.07798627
62,1642809,Wishlist,0,0,0.04033090006,0,0.04033090006,N-SE,N-SE,NESE,0.35253573,0.26555751,0.26455955,0.07798627
63,1642809,About Me,0,0,0,0.2820613403,0.2820613403,N-NE,N-NE,NESE,0.27107499,0.10934117,0.0869048,0.06194802
64,1722513,Wishlist,0,0,0,0.07541864536,0.07541864536,N-NE,N-NE,NESE,0.17761702,0.18307142,0.63057026,0.496258
65,1722513,About Me,0.001485816301,0.005700634056,0.01024362656,0.2108814903,0.2108814903,N-NE,N-NE,NESE,0.22833699,0.20398596,0.38270806,0.25060454
66,1722513,School Supplies,0.002413802064,0.00926103869,0.009112633474,0.1545271406,0.1545271406,N-NE,N-NE,NESE,0.18175611,0.1880428,0.67757454,0.55537953
67,1480716,Wishlist,0.02422314416,0.02534644922,0.09335403833,0,0.09335403833,N-SE,N-SE,NESE,0.11633756,0.06129322,0.07829568,0.00538115
68,1480716,About Me,0.08809548757,0.09749887919,0.0191872981,0.01464802292,0.09749887919,N-MM,N-NE,NESE,0.35253573,0.26555751,0.26455955,0.07798627
69,1480716,School Supplies,0.01320712581,0.01520154096,0.06500373043,0,0.06500373043,N-SE,N-SE,NESE,0.3447452,0.19231496,0.20859062,0.07643912
70,1524601,About Me,0.2433835375,0.04524990731,0.03360616001,0.001622987802,0.2433835375,N-MF,N-MF,MMMF,0.54199719,0.33980634,0.37999883,0.21625748
71,1524601,School Supplies,0.002790143722,0.2373553653,0,0,0.2373553653,N-MM,N-MM,MMMF,0.12289919,0.52470035,0.10237109,0.06325913
72,1524601,Wishlist,0.1054700494,0.02244365856,0.008023432166,0.0007796983781,0.1054700494,N-MF,N-MF,MMMF,0.41482204,0.28192349,0.25599533,0.11228675
73,1640912,About Me,0.2744829983,0.06262387534,0.02883949714,0.01240623503,0.2744829983,N-MF,N-MF,MMMF,0.55301089,0.34143477,0.37285843,0.18877826
74,1640912,Best Friend,0.004879902815,0.02181263784,0.03201240795,0.3755336214,0.3755336214,N-NE,N-NE,NESE,0.12880122,0.12605302,0.5594978,0.55666151
75,1640912,Things To Do,0.170646996,0.01285394487,0.001797734531,0,0.170646996,N-MF,N-MF,MMMF,0.49728693,0.30624127,0.15244778,0.03639368
76,1834044,About Me,0.2905022576,0.04827709401,0.02734301424,0.002917102486,0.2905022576,N-MF,N-MF,MMMF,0.66779448,0.47255425,0.39356853,0.20752672
77,1834044,School Supplies,0.09747598341,0.03826941635,0.02438924883,0.01043336409,0.09747598341,N-MF,N-MF,MMMF,0.38261256,0.26384888,0.18555292,0.09634208
78,1834044,Wishlist,0.01874264473,0.02511698478,0.1862824847,0.01412236,0.1862824847,N-SE,N-SE,NESE,0.16135446,0.16715296,0.30103932,0.14084769
79,1415571,Best Friend,0.2153250515,0.0430489882,0.01872678841,0.0213597593,0.2153250515,N-MF,N-MF,MMMF,0.5854942,0.48889526,0.39218634,0.19092856
80,1415571,About Me,0.2194528426,0.06372498471,0.01225507308,0.001970919846,0.2194528426,N-MF,N-MF,MMMF,0.53601876,0.36670968,0.28943981,0.1480328
81,1415571,Things To Do,0.2201083663,0.05400569301,0.01225296341,0,0.2201083663,N-MF,N-MF,MMMF,0.51908158,0.34084034,0.34028921,0.17211727
82,1470990,Wishlist,0.1324194156,0.0332168067,0.0145032479,0.0008692414447,0.1324194156,N-MF,N-MF,MMMF,0.32958205,0.21983581,0.26298611,0.10182515
83,1470990,About Me,0.1894403152,0.03548739348,0.01264177165,0.01570059296,0.1894403152,N-MF,N-MF,MMMF,0.44992872,0.2634523,0.29346969,0.14416452
84,1470990,School Supplies,0,0,0,0.2820613403,0.2820613403,N-NE,N-NE,NESE,0.27107499,0.10934117,0.0869048,0.06194802
85,1668029,About Me,0.3196744531,0.06196812516,0.01977078073,0.005333328831,0.3196744531,N-MF,N-MF,MMMF,0.63278596,0.36314688,0.25809521,0.0908726
86,1668029,School Supplies,0.2030696612,0.03581310335,0.01005825594,0.001667005468,0.2030696612,N-MF,N-MF,MMMF,0.57358742,0.32920731,0.26659313,0.11083942
87,1668029,Wishlist,0.003544936352,0.004121666048,0.03822436746,0.2945022618,0.2945022618,N-NE,N-NE,NESE,0.30016984,0.25120754,0.48393225,0.32758095
88,1679009,About Me,0.1786115631,0.08698294671,0.01836098205,0,0.1786115631,N-MF,N-MF,MMMF,0.37579047,0.21021366,0.11796326,0.05582992
89,1679009,Things To Do,0.1552084594,0.04532934955,0.01595925602,0,0.1552084594,N-MF,N-MF,MMMF,0.3348234,0.18030766,0.0962271,0.06841641
90,1679009,Best Friend,0,0,0.02473246333,0.08317011404,0.08317011404,N-NE,N-NE,NESE,0.19819789,0.20715582,0.65200283,0.46660144
91,1941964,Wishlist,0.2197491029,0.06332726094,0.0112408573,0.0003679382381,0.2197491029,N-MF,N-MF,MMMF,0.47010693,0.26422935,0.15981203,0.04579448
92,1941964,About Me,0.3709734756,0.08089519917,0.02584345557,0.004864141359,0.3709734756,N-MF,N-MF,MMMF,0.6944594,0.38932665,0.31661411,0.16206142
93,1941964,School Supplies,0.1357783482,0.01479267957,0.01146228466,0.001095123684,0.1357783482,N-MF,N-MF,MMMF,0.38190125,0.31900588,0.35489483,0.18728986
94,1352749,Things To Do,0,0,0,0.2820613403,0.2820613403,N-NE,N-NE,NESE,0.27107499,0.10934117,0.0869048,0.06194802
95,1417092,About Me,0.1845090006,0.04686343308,0.009165625722,0.003203535027,0.1845090006,N-MF,N-MF,MMMF,0.50187323,0.3738499,0.29639254,0.15127349
96,1417092,Things To Do,0.1363739733,0.03732644085,0.01139377072,0,0.1363739733,N-MF,N-MF,MMMF,0.48568971,0.29251205,0.17166802,0.09279844
97,1417092,Best Friend,0.179437536,0.03052533601,0.02129890927,0,0.179437536,N-MF,N-MF,MMMF,0.28098539,0.17517841,0.11786745,0.06959616
98,1808501,School Supplies,0,0,0,0.2820613403,0.2820613403,N-NE,N-NE,NESE,0.27107499,0.10934117,0.0869048,0.06194802
99,1416131,Best Friend,0.2115964776,0.02897221501,0.01374361943,0.00109853935,0.2115964776,N-MF,N-MF,MMMF,0.53132146,0.30133415,0.22274466,0.10032923
100,1416131,About Me,0.1862688264,0.03648250295,0.00880402302,0.0007042123151,0.1862688264,N-MF,N-MF,MMMF,0.45010683,0.31507346,0.25288592,0.14990426
101,1416131,Things To Do,0.1700219967,0.03888653983,0.009279853865,0,0.1700219967,N-MF,N-MF,MMMF,0.53315136,0.31911656,0.15168883,0.06734518
102,1722534,About Me,0.1745515619,0.02610136471,0.04777427374,0.001805571022,0.1745515619,N-MF,N-MF,MMMF,0.32870763,0.23979475,0.31620343,0.16762029
103,1722534,School Supplies,0,0,0,0.2820613403,0.2820613403,N-NE,N-NE,NESE,0.27107499,0.10934117,0.0869048,0.06194802
104,1722534,Wishlist,0.08561991784,0.009795151706,0.00116425419,0.0008888183203,0.08561991784,N-MF,N-MF,MMMF,0.26664805,0.17863313,0.20298673,0.07477924
105,1499102,Wishlist,0.06679505862,0.02261834275,0.007813953195,0.001334229386,0.06679505862,N-MF,N-MF,MMMF,0.37575989,0.24060606,0.22929855,0.11385572
106,1499102,About Me,0.2150490685,0.03236178952,0.02874852175,0.004475723155,0.2150490685,N-MF,N-MF,MMMF,0.48371303,0.34230626,0.24124785,0.21966844
107,1499102,School Supplies,0.01865069793,0.1836600942,0.005380356986,0.01017561978,0.1836600942,N-MM,N-MM,MMMF,0.19638007,0.25155993,0.17918143,0.08870121
108,1511783,About Me,0,0,0,0.2820613403,0.2820613403,N-NE,N-NE,NESE,0.27107499,0.10934117,0.0869048,0.06194802
109,1678840,About Me,0.1989170328,0.04221600769,0.01906203303,0,0.1989170328,N-MF,N-MF,MMMF,0.46489345,0.29058212,0.24439833,0.11397199
110,1678840,Things To Do,0.04245490567,0.35066997,0.008163380815,0.0151093267,0.35066997,N-MM,N-MM,MMMF,0.26057792,0.37568377,0.27130568,0.1692396
111,1678840,Best Friend,0.005021896436,0,0.01421907235,0.09272818745,0.09272818745,N-NE,N-NE,NESE,0.1578674,0.10042096,0.16060048,0.08540019
112,1572364,About Me,0.1999909456,0.0461977333,0.05743499015,0.02033270391,0.1999909456,N-MF,N-MF,MMMF,0.4591042,0.3278241,0.44266177,0.264319
113,1572364,School Supplies,0.06936002278,0.2570640358,0.02217975773,0.03402025691,0.2570640358,N-MM,N-MM,MMMF,0.34175556,0.3609656,0.19476197,0.07209805
114,1572364,Wishlist,0.04796752383,0.2456732205,0.02275734508,0.001266149198,0.2456732205,N-MM,N-MM,MMMF,0.29364834,0.35492885,0.21901766,0.14295229
115,1948503,About Me,0.2620433969,0.06291040701,0.03769320533,0.0006723150193,0.2620433969,N-MF,N-MF,MMMF,0.53427462,0.32379547,0.28919636,0.14081805
116,1948503,School Supplies,0,0,0,0.2820613403,0.2820613403,N-NE,N-NE,NESE,0.27107499,0.10934117,0.0869048,0.06194802
117,1948503,Wishlist,0.1818948014,0.06650571595,0.03593378706,0.00112034399,0.1818948014,N-MF,N-MF,MMMF,0.41779296,0.31570514,0.1839323,0.09852833
118,1471146,About Me,0.006736280899,0.01065199837,0.5372009818,0.05044293579,0.5372009818,N-SE,N-SE,NESE,0.31715837,0.29878961,0.80123429,0.47087114
119,1471146,School Supplies,0.01171610541,0.01302883071,0.2590262794,0.02441398107,0.2590262794,N-SE,N-SE,NESE,0.29295986,0.24210024,0.25649253,0.08697938
120,1471146,Wishlist,0,0,0,0.1152038837,0.1152038837,N-NE,N-NE,NESE,0.12982058,0.18344027,0.12258825,0.08744772
121,1677823,About Me,0.2859739525,0.02632871669,0.0445205299,0,0.2859739525,N-MF,N-MF,MMMF,0.65046121,0.41062351,0.2954279,0.11672403
122,1677823,Things To Do,0.2476802737,0.03809383632,0.02419466969,0.0004481473994,0.2476802737,N-MF,N-MF,MMMF,0.57717958,0.34070657,0.18925307,0.06074454
123,1677823,Best Friend,0.1987994263,0.02892918154,0.01446547845,0,0.1987994263,N-MF,N-MF,MMMF,0.58777461,0.33711504,0.2456471,0.12287667
124,1808516,About Me,0.2772945696,0.07177149087,0.03605951724,0.003640335433,0.2772945696,N-MF,N-MF,MMMF,0.60208003,0.35549594,0.23504074,0.07862536
125,1808516,School Supplies,0.04949516082,0.003783682137,0.0342930614,0.01963508151,0.04949516082,N-MF,N-MF,MMMF,0.36269254,0.23223924,0.17184613,0.08361347
126,1808516,Wishlist,0,0,0,0.2820613403,0.2820613403,N-NE,N-NE,NESE,0.27107499,0.10934117,0.0869048,0.06194802
127,1795431,Best Friend,0.1590230734,0.01772633568,0.01722133573,0.0006767944039,0.1590230734,N-MF,N-MF,MMMF,0.42361923,0.26745158,0.20934767,0.08072737
128,1795431,About Me,0.1198378769,0.3625274504,0.01170006928,0.001491631278,0.3625274504,N-MM,N-MM,MMMF,0.4829325,0.51952359,0.22117621,0.11247399
129,1795431,Things To Do,0.1568851836,0.02964786475,0.005492680776,0,0.1568851836,N-MF,N-MF,MMMF,0.49724609,0.25863139,0.15518695,0.06326751
130,1959012,About Me,0,0,0,0.2820613403,0.2820613403,N-NE,N-NE,NESE,0.27107499,0.10934117,0.0869048,0.06194802
131,1959012,Things To Do,0,0,0,0.2820613403,0.2820613403,N-NE,N-NE,NESE,0.27107499,0.10934117,0.0869048,0.06194802
132,1959012,Best Friend,0.08267184244,0.2631920246,0.01389350078,0.003321105097,0.2631920246,N-MM,N-MM,MMMF,0.26874552,0.37552444,0.2804431,0.13195573
133,1910858,About Me,0.1534306927,0.03167724948,0.02107176044,0.0008465981613,0.1534306927,N-MF,N-MF,MMMF,0.45259585,0.30793553,0.21506066,0.09002561
134,1910858,School Supplies,0.06564818114,0.008635157552,0.004884579761,0,0.06564818114,N-MF,N-MF,MMMF,0.39427959,0.28404504,0.27281344,0.13341018
135,1910858,Wishlist,0.08208332315,0.007295794918,0.001435776422,0.001096104613,0.08208332315,N-MF,N-MF,MMMF,0.39873198,0.30237278,0.19686168,0.08445002
136,2425634,CITY_TOWN,0,0,0,0.1229661514,0.1229661514,N-NE,N-NE,NESE,0.24193892,0.15653794,0.20551552,0.04058365
137,2425634,WEATHER,0.07004642884,0.3109971897,0.03035290754,0.003368081095,0.3109971897,N-MM,N-MM,MMMF,0.44099793,0.49723399,0.26306541,0.09613892
138,2425634,FAMILY,0.06644123257,0.2968378291,0.02641154388,0.002476695907,0.2968378291,N-MM,N-MM,MMMF,0.26882383,0.48164139,0.23440199,0.15755133
139,2178300,CITY_TOWN,0.09775973129,0.02397582806,0.02133384208,0.003129354933,0.09775973129,N-MF,N-MF,MMMF,0.26832411,0.2385621,0.24521171,0.14505778
140,2178300,WEATHER,0.2084349669,0.04168206128,0.06074061563,0.006607831312,0.2084349669,N-MF,N-MF,MMMF,0.51603032,0.37976623,0.43248409,0.17755028
141,2178300,FAMILY,0.2508439338,0.04468336244,0.07035739298,0.008824306921,0.2508439338,N-MF,N-MF,MMMF,0.59392536,0.4644189,0.48591863,0.15510989
142,2186102,CELEBRATIONS,0.09150406294,0.1693176099,0.09156128491,0.003791564322,0.1693176099,N-MM,N-MM,MMMF,0.14561388,0.16758874,0.09328133,0.01234492
143,2186102,CITY_TOWN,0.05198421695,0.1905277145,0.02072264103,0.002798633481,0.1905277145,N-MM,N-MM,MMMF,0.33173007,0.40713188,0.3103768,0.2142177
144,2186102,WEATHER,0.0867518504,0.03282704742,0.1751251211,0.00268900817,0.1751251211,N-SE,N-SE,NESE,0.20654806,0.14691917,0.19987458,0.02922986
145,2277106,CELEBRATIONS,0.1616232275,0.0473028482,0.04008803093,0.003443184994,0.1616232275,N-MF,N-MF,MMMF,0.65981595,0.55481265,0.49076489,0.22845118
146,2277106,CITY_TOWN,0.1470560442,0.03181414108,0.03914249408,0.02383735661,0.1470560442,N-MF,N-MF,MMMF,0.55279242,0.45017901,0.42991053,0.33874113
147,2277106,WEATHER,0.1093047639,0.0452846938,0.04177070924,0.02787635962,0.1093047639,N-MF,N-MF,MMMF,0.45712884,0.42662434,0.35501938,0.15947721
148,2030188,CITY_TOWN,0.1522813264,0.02497807836,0.02704128863,0.003498384673,0.1522813264,N-MF,N-MF,MMMF,0.50109244,0.34462421,0.2960523,0.10414403
149,2030188,WEATHER,0.1965531743,0.07139047188,0.04207476976,0.003271977698,0.1965531743,N-MF,N-MF,MMMF,0.54962802,0.42660684,0.35718464,0.15400634
150,2030188,FAMILY,0.2134164005,0.05052531016,0.04953607526,0.005893850097,0.2134164005,N-MF,N-MF,MMMF,0.61636746,0.51332393,0.4466272,0.27304004
151,2308601,CITY_TOWN,0.1061718999,0.02534995897,0.03363000475,0.01145519069,0.1061718999,N-MF,N-MF,MMMF,0.24587363,0.19879948,0.16680985,0.04626324
152,2308601,WEATHER,0.1059158969,0.02838925678,0.02737091199,0.002087575946,0.1059158969,N-MF,N-MF,MMMF,0.18007607,0.15557334,0.16843193,0.0803639
153,2308601,FAMILY,0.1909505115,0.07407759346,0.05367115211,0.006480511133,0.1909505115,N-MF,N-MF,MMMF,0.4835821,0.40262645,0.36018608,0.37513701
154,2425458,CITY_TOWN,0.06618419939,0.2476124167,0.006970378894,0.002265943828,0.2476124167,N-MM,N-MM,MMMF,0.31515157,0.36996437,0.21296467,0.1258463
155,2425458,WEATHER,0.07634043071,0.3323649219,0.04329540759,0.00584285078,0.3323649219,N-MM,N-MM,MMMF,0.35427854,0.46759664,0.26685296,0.1011683
156,2425458,FAMILY,0.1662309746,0.1289485478,0.02911662525,0.003702780627,0.1662309746,N-MF,N-MF,MMMF,0.48158041,0.44995075,0.28158065,0.09924686
157,2030248,CITY_TOWN,0.2356538989,0.03751133108,0.04198764823,0.004228176249,0.2356538989,N-MF,N-MF,MMMF,0.69842205,0.49422812,0.41395491,0.1897112
158,2030248,WEATHER,0.3040491548,0.06286717397,0.0511347551,0.006276801962,0.3040491548,N-MF,N-MF,MMMF,0.76137693,0.52806675,0.45193579,0.1534137
159,2030248,FAMILY,0.2455289496,0.04303688749,0.03212906104,0.00473431662,0.2455289496,N-MF,N-MF,MMMF,0.71626583,0.56609056,0.51687376,0.20087425
160,2282384,CELEBRATIONS,0.1644026793,0.03423490857,0.03584245941,0.003199588795,0.1644026793,N-MF,N-MF,MMMF,0.45586526,0.39649583,0.30491068,0.13086576
161,2282384,CITY_TOWN,0.06404074955,0.01930168373,0.01514801197,0.0005410736683,0.06404074955,N-MF,N-MF,MMMF,0.38193819,0.34617101,0.3459521,0.17943983
162,2282384,WEATHER,0.2022885716,0.06076910677,0.03994346247,0.004800376414,0.2022885716,N-MF,N-MF,MMMF,0.57241144,0.38418765,0.3454962,0.10416974
163,2424671,CITY_TOWN,0.1420274415,0.03234135069,0.02714156747,0.005882323901,0.1420274415,N-MF,N-MF,MMMF,0.5255556,0.39511822,0.24392023,0.06239774
164,2424671,WEATHER,0.1728415309,0.04099532668,0.05476939779,0.005686861786,0.1728415309,N-MF,N-MF,MMMF,0.35814941,0.21508739,0.22213936,0.03452057
165,2424671,FAMILY,0.2405739521,0.04067370765,0.04432280568,0.007157530545,0.2405739521,N-MF,N-MF,MMMF,0.57662099,0.45000601,0.39049644,0.18345409
166,2424681,CITY_TOWN,0,0,0,0.1229661514,0.1229661514,N-NE,N-NE,NESE,0.24193892,0.15653794,0.20551552,0.04058365
167,2424681,FAMILY,0.246607877,0.08115040796,0.08353328808,0.008027581112,0.246607877,N-MF,N-MF,MMMF,0.61258936,0.52887568,0.44704581,0.19466267
168,2424681,WEATHER,0.07828532417,0.02394839411,0.02131846756,0.002969916264,0.07828532417,N-MF,N-MF,MMMF,0.27589407,0.22786521,0.17049131,0.06541541
169,2286276,FAMILY,0.2645319628,0.09003916376,0.06457542645,0.02771395069,0.2645319628,N-MF,N-MF,MMMF,0.58126639,0.53904031,0.3899741,0.25552334
170,2286276,CITY_TOWN,0.143204089,0.029056949,0.03030027767,0.004331512283,0.143204089,N-MF,N-MF,MMMF,0.62109558,0.46704259,0.33393172,0.09299282
171,2286276,WEATHER,0.1822865936,0.04436015871,0.04767677894,0.006046653808,0.1822865936,N-MF,N-MF,MMMF,0.43092977,0.28983762,0.22064518,0.06650633
172,2337550,CELEBRATIONS,0.2053773962,0.04861877334,0.06111884822,0.01562825239,0.2053773962,N-MF,N-MF,MMMF,0.42439194,0.30764499,0.31713219,0.10804043
173,2337550,CITY_TOWN,0.08796699889,0.01989924191,0.0253603076,0.003211120646,0.08796699889,N-MF,N-MF,MMMF,0.31573617,0.24663744,0.20877934,0.1415427
174,2337550,WEATHER,0.2047399667,0.0725602786,0.04475501316,0.004532574533,0.2047399667,N-MF,N-MF,MMMF,0.47125869,0.39437159,0.32697749,0.13355311
175,2106362,CELEBRATIONS,0.06074992126,0.03832686945,0.2787963144,0.03024539481,0.2787963144,N-SE,N-SE,NESE,0.26897824,0.20428141,0.39772503,0.104608
176,2106362,CITY_TOWN,0.07390941622,0.02647860057,0.2143737019,0.004510868221,0.2143737019,N-SE,N-SE,NESE,0.33381743,0.23615221,0.31738683,0.03899942
177,2106362,WEATHER,0.09484135435,0.04038902088,0.2314879501,0.004889611218,0.2314879501,N-SE,N-SE,NESE,0.39128646,0.26174197,0.32892507,0.04534744
178,2138526,CITY_TOWN,0.1823384303,0.05397735179,0.05207495158,0.00582198285,0.1823384303,N-MF,N-MF,MMMF,0.56670718,0.42856414,0.43410986,0.2426207
179,2138526,FAMILY,0.2009191707,0.05932876843,0.04747197533,0.01501456587,0.2009191707,N-MF,N-MF,MMMF,0.59673393,0.51344391,0.41882442,0.20036344
180,2138526,WEATHER,0.2002450086,0.03193085434,0.04410265854,0.02713833595,0.2002450086,N-MF,N-MF,MMMF,0.6061155,0.39419246,0.33656458,0.07435111
181,2403643,CITY_TOWN,0.07367761507,0.02077415941,0.2242555289,0.003608489689,0.2242555289,N-SE,N-SE,NESE,0.30980025,0.28747809,0.39798958,0.27533951
182,2403643,WEATHER,0.09485099609,0.1991076637,0.02566044415,0.00533367926,0.1991076637,N-MM,N-MM,MMMF,0.28926232,0.27147934,0.16961431,0.03315991
183,2403643,FAMILY,0.1540024941,0.05390552096,0.03434297213,0.0239675043,0.1540024941,N-MF,N-MF,MMMF,0.36192058,0.3375543,0.27489646,0.17708364
184,2422734,WEATHER,0.08839417675,0.04647643515,0.4555521796,0.02969135796,0.4555521796,N-SE,N-SE,NESE,0.33639291,0.30025777,0.55797176,0.4393362
185,2422734,CITY_TOWN,0.02373378942,0.009590104894,0.01719379417,0.3030406268,0.3030406268,N-NE,N-NE,NESE,0.31479291,0.33403598,0.28789678,0.53051176
186,2422734,FAMILY,0.1989685084,0.06781639808,0.05681144822,0.008495462864,0.1989685084,N-MF,N-MF,MMMF,0.58020741,0.51377371,0.44728536,0.19968737
187,2181457,CITY_TOWN,0.06566303038,0.009392587113,0.008803166875,0.001311015387,0.06566303038,N-MF,N-MF,MMMF,0.22663665,0.22117549,0.16451933,0.10175609
188,2181457,FAMILY,0.1488236775,0.05158326454,0.04759854011,0.005675277364,0.1488236775,N-MF,N-MF,MMMF,0.2426956,0.22136516,0.17554774,0.05652967
189,2181457,WEATHER,0.07687927524,0.009812823612,0.01263114406,0.002175337394,0.07687927524,N-MF,N-MF,MMMF,0.19925717,0.13281189,0.12187112,0.02336109
190,2203165,CELEBRATIONS,0.2069467589,0.05030341973,0.03584384973,0.006173295002,0.2069467589,N-MF,N-MF,MMMF,0.69040239,0.48996722,0.43131856,0.0996921
191,2203165,CITY_TOWN,0.1822916999,0.04373218,0.03066650933,0.003458082858,0.1822916999,N-MF,N-MF,MMMF,0.57734213,0.42466619,0.39695323,0.09473419
192,2203165,WEATHER,0.2171900713,0.04707118095,0.06520277395,0.007120210941,0.2171900713,N-MF,N-MF,MMMF,0.62230943,0.41043779,0.39266671,0.12018924
193,2391676,CELEBRATIONS,0.1977792209,0.04472312578,0.04846268807,0.00687226743,0.1977792209,N-MF,N-MF,MMMF,0.6425056,0.46835667,0.37931383,0.15076027
194,2391676,CITY_TOWN,0.1710689051,0.03646023225,0.03952440607,0.004468086604,0.1710689051,N-MF,N-MF,MMMF,0.63146775,0.45725789,0.40697459,0.19660458
195,2391676,WEATHER,0.2384519951,0.03495001847,0.04342839329,0.005644345284,0.2384519951,N-MF,N-MF,MMMF,0.69995013,0.54337826,0.51938291,0.23609454
196,2425440,CITY_TOWN,0.09969618506,0.08829058714,0.08049399719,0.02920277795,0.09969618506,N-MF,N-NE,NESE,0.27082915,0.25869561,0.20648805,0.16382689
197,2425440,FAMILY,0.187440523,0.05620658867,0.03412541113,0.004136998323,0.187440523,N-MF,N-MF,MMMF,0.6455232,0.55092112,0.51722367,0.28268171
198,2425440,WEATHER,0.192195512,0.05103570721,0.06631068257,0.01222194483,0.192195512,N-MF,N-MF,MMMF,0.57521677,0.38533497,0.37850876,0.10968752
199,2406465,WEATHER,0.33090939,0.07135965956,0.07012657049,0.008446005082,0.33090939,N-MF,N-MF,MMMF,0.72759077,0.50435467,0.44887896,0.14101047
200,2406465,CITY_TOWN,0,0,0,0.1229661514,0.1229661514,N-NE,N-NE,NESE,0.24193892,0.15653794,0.20551552,0.04058365
201,2406465,FAMILY,0.3065981356,0.08336027823,0.07339141929,0.01093054383,0.3065981356,N-MF,N-MF,MMMF,0.69632318,0.49344879,0.42518814,0.12349777
202,2425488,CITY_TOWN,0.04514736367,0.01296948889,0.235800929,0.000895484128,0.235800929,N-SE,N-SE,NESE,0.38493965,0.36131323,0.447959,0.19602572
203,2425488,FAMILY,0.1026620516,0.05609356817,0.3257423984,0.007730807487,0.3257423984,N-SE,N-SE,NESE,0.27412908,0.25630193,0.47193591,0.07753846
204,2425488,WEATHER,0.05826317246,0.1157285544,0.2084255255,0.005833911791,0.2084255255,N-SE,N-SE,NESE,0.18794689,0.20450306,0.30320501,0.06630378
205,2105118,WEATHER,0.248446292,0.04959015806,0.05014331283,0.006893388486,0.248446292,N-MF,N-MF,MMMF,0.66744285,0.41704655,0.37442573,0.11092702
206,2105118,CELEBRATIONS,0.2082307216,0.04625697145,0.04864657219,0.005184194732,0.2082307216,N-MF,N-MF,MMMF,0.58722738,0.40810001,0.35181396,0.14249461
207,2105118,CITY_TOWN,0.1342902303,0.02810115983,0.02099271585,0.007789073549,0.1342902303,N-MF,N-MF,MMMF,0.55039878,0.42286258,0.36277921,0.33197333
208,2189638,WEATHER,0.1792782982,0.05128695337,0.05447253856,0.006114073581,0.1792782982,N-MF,N-MF,MMMF,0.63188736,0.46514227,0.39737639,0.23664426
209,2189638,CELEBRATIONS,0.2132294927,0.0711970534,0.05998306582,0.005905113942,0.2132294927,N-MF,N-MF,MMMF,0.64312793,0.46020595,0.39036796,0.14979739
210,2189638,CITY_TOWN,0.1870309807,0.04167937472,0.04932564088,0.00477905787,0.1870309807,N-MF,N-MF,MMMF,0.63307349,0.48916614,0.38168532,0.25184452
211,2337568,CITY_TOWN,0.00159320161,0.004779720502,0.007031415619,0.2593804385,0.2593804385,N-NE,N-NE,NESE,0.26998238,0.30556065,0.29320213,0.50113901
212,2337568,WEATHER,0.07481340449,0.03147259501,0.2199188841,0.008215621547,0.2199188841,N-SE,N-SE,NESE,0.32893823,0.2911198,0.44243217,0.19205679
213,2337568,CELEBRATIONS,0.0511798893,0.03559765835,0.2561762445,0.002960018851,0.2561762445,N-SE,N-SE,NESE,0.24170844,0.23372581,0.42042147,0.07764774
214,2410455,CELEBRATIONS,0.2536359272,0.05579431025,0.05723657455,0.01463302819,0.2536359272,N-MF,N-MF,MMMF,0.60011509,0.41553497,0.40894333,0.14326682
215,2410455,CITY_TOWN,0.2393750675,0.05023551945,0.04637820957,0.005240995795,0.2393750675,N-MF,N-MF,MMMF,0.61262404,0.41123798,0.38729103,0.10005915
216,2410455,WEATHER,0.2934422897,0.0637696552,0.06276540779,0.01254446709,0.2934422897,N-MF,N-MF,MMMF,0.64543948,0.45267949,0.40224672,0.07811075
217,2413800,CITY_TOWN,0.03756879585,0.02332911107,0.02725767092,0.04170035308,0.04170035308,N-NE,N-NE,NESE,0.27982037,0.24723623,0.35377089,0.14249833
218,2413800,FAMILY,0.07883724794,0.03481963666,0.3079143989,0.02707222349,0.3079143989,N-SE,N-SE,NESE,0.35555527,0.3563275,0.50269811,0.19611334
219,2413800,WEATHER,0.07558445542,0.02840337632,0.1623708389,0.009555820961,0.1623708389,N-SE,N-SE,NESE,0.26043612,0.25289449,0.34736918,0.10842257
220,1906697,CELEBRATIONS,0.1893608835,0.04702392277,0.04613445206,0.003877627479,0.1893608835,N-MF,N-MF,MMMF,0.58949193,0.44401671,0.39947672,0.19003297
221,1906697,CITY_TOWN,0.1098946032,0.02413189085,0.03006783735,0.01281252859,0.1098946032,N-MF,N-MF,MMMF,0.38549299,0.27066402,0.30861397,0.10312426
222,1906697,WEATHER,0.228577984,0.100788338,0.08274388301,0.008537753438,0.228577984,N-MF,N-MF,MMMF,0.56659019,0.48746328,0.45792815,0.26528169
223,2093249,CITY_TOWN,0.1168160382,0.04517026566,0.03383797592,0.02787472627,0.1168160382,N-MF,N-MF,MMMF,0.26488112,0.19802634,0.20418572,0.18581796
224,2093249,WEATHER,0.1052737082,0.03193872867,0.02795476878,0.006490961834,0.1052737082,N-MF,N-MF,MMMF,0.44867129,0.32144237,0.3358736,0.07207847
225,2093249,FAMILY,0.2959802202,0.0926123512,0.08554103252,0.01262471363,0.2959802202,N-MF,N-MF,MMMF,0.63640619,0.56400675,0.48965943,0.30855113
226,2164649,CELEBRATIONS,0.09077985949,0.03631913851,0.03405040159,0.002853385938,0.09077985949,N-MF,N-MF,MMMF,0.32407701,0.21103225,0.18283173,0.04078986
227,2164649,CITY_TOWN,0.002946390204,0.01145877751,0.004053463186,0.3194973814,0.3194973814,N-NE,N-NE,NESE,0.27075747,0.31085274,0.34720458,0.86217993
228,2164649,WEATHER,0.1244140881,0.05527406962,0.05340637551,0.004210556471,0.1244140881,N-MF,N-MF,MMMF,0.1891216,0.15297527,0.14249359,0.05224824
229,2412284,FAMILY,0.1638318581,0.06387960056,0.0289752856,0.01309067914,0.1638318581,N-MF,N-MF,MMMF,0.59364816,0.47191106,0.34613848,0.15371574
230,2412284,CITY_TOWN,0,0,0,0.1229661514,0.1229661514,N-NE,N-NE,NESE,0.24193892,0.15653794,0.20551552,0.04058365
231,2412284,WEATHER,0.2545942901,0.06885107395,0.04491543507,0.007393095408,0.2545942901,N-MF,N-MF,MMMF,0.64171064,0.49287727,0.39540136,0.13463906
232,2425181,WEATHER,0.2396485564,0.06602051133,0.05283799362,0.005478583054,0.2396485564,N-MF,N-MF,MMMF,0.53284097,0.35719619,0.36529293,0.12996842
233,2425181,CITY_TOWN,0.1707277903,0.04176191364,0.04381709884,0.00563285844,0.1707277903,N-MF,N-MF,MMMF,0.49403382,0.37067822,0.37446336,0.16180262
234,2425181,FAMILY,0.1697780479,0.04416117619,0.04043571635,0.005371051962,0.1697780479,N-MF,N-MF,MMMF,0.34317073,0.30865693,0.34624896,0.17526155
235,2425444,CITY_TOWN,0.006809512116,0.003615274999,0.09879498757,0.009056277117,0.09879498757,N-SE,N-SE,NESE,0.20039668,0.20124826,0.26691625,0.0830611
236,2425444,FAMILY,0.05799840076,0.2407799975,0.02592165801,0.006685383375,0.2407799975,N-MM,N-MM,MMMF,0.16703814,0.3292077,0.12647154,0.074023
237,2425444,WEATHER,0.05685248913,0.2375794807,0.04451746147,0.001832228229,0.2375794807,N-MM,N-MM,MMMF,0.17426141,0.28122334,0.14638081,0.10274252
238,2028351,CELEBRATIONS,0.2049213669,0.05043484486,0.0444834467,0.00445850475,0.2049213669,N-MF,N-MF,MMMF,0.63797622,0.43777806,0.39005841,0.1960055
239,2028351,CITY_TOWN,0.1839709237,0.04230277232,0.0446986234,0.006751364384,0.1839709237,N-MF,N-MF,MMMF,0.57658815,0.44389391,0.385367,0.14528574
240,2028351,WEATHER,0.2296005555,0.04067118586,0.04542260069,0.006611472183,0.2296005555,N-MF,N-MF,MMMF,0.5635661,0.36632049,0.32046227,0.08139952
241,2450432,WEATHER,0.06290725098,0.2009315733,0.01067568066,0.000684250937,0.2009315733,N-MM,N-MM,MMMF,0.35407569,0.43397759,0.29925752,0.21053818
242,2450432,CITY_TOWN,0.1478560725,0.06701135343,0.04085755873,0.005123465539,0.1478560725,N-MF,N-MF,MMMF,0.4656598,0.35267669,0.31038991,0.17314266
243,2450432,CELEBRATIONS,0.1405605288,0.03769206537,0.04609998691,0.004233334612,0.1405605288,N-MF,N-MF,MMMF,0.37274334,0.2605298,0.22556717,0.08298334
244,2450500,CITY_TOWN,0.1490639835,0.02268117532,0.0270892487,0.003633106002,0.1490639835,N-MF,N-MF,MMMF,0.45653664,0.37137378,0.33021542,0.19677449
245,2450500,WEATHER,0.2748974533,0.0415260282,0.05587615271,0.01032762499,0.2748974533,N-MF,N-MF,MMMF,0.6725746,0.48193453,0.42888237,0.13296547
246,2450500,CELEBRATIONS,0.1764757318,0.02664772314,0.04382351961,0.004607885059,0.1764757318,N-MF,N-MF,MMMF,0.40782975,0.28766175,0.26904567,0.17609811
247,2238702,CELEBRATIONS,0.1442965426,0.05378983806,0.05782808237,0.00638710391,0.1442965426,N-MF,N-MF,MMMF,0.42341047,0.36500214,0.34926512,0.21654553
248,2238702,CITY_TOWN,0.1278838737,0.04141831196,0.0364961762,0.00595298094,0.1278838737,N-MF,N-MF,MMMF,0.38139234,0.38404603,0.39941095,0.38652812
249,2238702,WEATHER,0.09942622784,0.01585252553,0.01614996057,0.00424909506,0.09942622784,N-MF,N-MF,MMMF,0.20900219,0.15940567,0.11635371,0.05187553
250,2364228,CITY_TOWN,0,0,0,0.1229661514,0.1229661514,N-NE,N-NE,NESE,0.24193892,0.15653794,0.20551552,0.04058365
251,2364228,FAMILY,0,0,0,0.1229661514,0.1229661514,N-NE,N-NE,NESE,0.24193892,0.15653794,0.20551552,0.04058365
252,2364228,WEATHER,0.0269613455,0.1854502472,0.03584102884,0.002526600401,0.1854502472,N-MM,N-MM,MMMF,0.25978313,0.33631261,0.2347104,0.06786305
253,2424693,CITY_TOWN,0.07719493207,0.2648459209,0.03100747468,0.009439527681,0.2648459209,N-MM,N-MM,MMMF,0.54106261,0.53455989,0.3820579,0.32103771
254,2424693,FAMILY,0.1825117659,0.06924361389,0.06007202422,0.005892572663,0.1825117659,N-MF,N-MF,MMMF,0.56080079,0.55042769,0.49932414,0.29055781
255,2424693,WEATHER,0.2491463771,0.04160983681,0.05962979174,0.008270317695,0.2491463771,N-MF,N-MF,MMMF,0.52471315,0.33714094,0.29023934,0.06142157
256,2391661,CELEBRATIONS,0.2284970878,0.07429402243,0.04466674275,0.00370510843,0.2284970878,N-MF,N-MF,MMMF,0.64619689,0.57959179,0.44958348,0.25874123
257,2391661,CITY_TOWN,0.21838857,0.04446878286,0.05290854035,0.007446501606,0.21838857,N-MF,N-MF,MMMF,0.62897514,0.51388326,0.45918829,0.22964097
258,2391661,WEATHER,0.24790074,0.09896886037,0.05975296313,0.01264769148,0.24790074,N-MF,N-MF,MMMF,0.67113675,0.5719081,0.45533333,0.26044583
259,2424697,CITY_TOWN,0,0,0,0.1229661514,0.1229661514,N-NE,N-NE,NESE,0.24193892,0.15653794,0.20551552,0.04058365
260,2424697,FAMILY,0.2726396056,0.0838285473,0.05654185631,0.007793628934,0.2726396056,N-MF,N-MF,MMMF,0.62337578,0.50468632,0.41071271,0.18494624
261,2424697,WEATHER,0.2950344808,0.06342620774,0.05600900803,0.008822328522,0.2950344808,N-MF,N-MF,MMMF,0.55647079,0.34178529,0.29550611,0.07432753
262,2428164,WEATHER,0.1979271367,0.02417446674,0.04970324769,0.00589478214,0.1979271367,N-MF,N-MF,MMMF,0.44056913,0.28324192,0.26081399,0.07833063
263,2428164,CITY_TOWN,0.003724245505,0.01068057199,0.018107679,0.2774348388,0.2774348388,N-NE,N-NE,NESE,0.19679916,0.24785366,0.29094289,0.90742481
264,2428164,FAMILY,0.01134045455,0.0101530471,0.007581092759,0.4055216523,0.4055216523,N-NE,N-NE,NESE,0.24041378,0.29199607,0.28479972,0.55479304
265,2034428,WEATHER,0.2188240826,0.04973870782,0.05752272084,0.005869547668,0.2188240826,N-MF,N-MF,MMMF,0.54999175,0.35604705,0.35031481,0.07868449
266,2034428,CELEBRATIONS,0.1322078581,0.01797065408,0.02887587929,0.00329825844,0.1322078581,N-MF,N-MF,MMMF,0.50618456,0.35499394,0.31538925,0.09421766
267,2034428,CITY_TOWN,0.1588661712,0.01503242748,0.02399197957,0.002624032793,0.1588661712,N-MF,N-MF,MMMF,0.52106354,0.36401107,0.31200899,0.13412459
268,2337570,CELEBRATIONS,0.1518756115,0.04004826146,0.0545547377,0.02392579827,0.1518756115,N-MF,N-MF,MMMF,0.43771174,0.38268997,0.35678225,0.19895154
269,2337570,WEATHER,0.2304791067,0.04708242577,0.06833457868,0.008649861263,0.2304791067,N-MF,N-MF,MMMF,0.53392336,0.44141773,0.40179635,0.13325165
270,2337570,CITY_TOWN,0.2451495246,0.06663379585,0.07854560256,0.05634607696,0.2451495246,N-MF,N-MF,MMMF,0.68293794,0.56048905,0.48597189,0.22350943
271,2346694,CITY_TOWN,0,0,0,0.1229661514,0.1229661514,N-NE,N-NE,NESE,0.24193892,0.15653794,0.20551552,0.04058365
272,2346694,FAMILY,0.1431202192,0.02475243276,0.02149122906,0.002293296894,0.1431202192,N-MF,N-MF,MMMF,0.42040304,0.32331632,0.36229109,0.14202877
273,2346694,WEATHER,0.1390425275,0.02505342943,0.03432811727,0.002880783327,0.1390425275,N-MF,N-MF,MMMF,0.29610799,0.23805474,0.179335,0.03926041
274,2150382,CITY_TOWN,0.06229635782,0.02494085214,0.0345339797,0.2542918507,0.2542918507,N-NE,N-NE,NESE,0.28720731,0.30096243,0.30601547,0.58626374
275,2150382,FAMILY,0.1875390579,0.0567535557,0.05378810989,0.006992410969,0.1875390579,N-MF,N-MF,MMMF,0.35079767,0.30957156,0.2928757,0.26801932
276,2150382,WEATHER,0.05093794511,0.02030053022,0.01956681718,0.1171577994,0.1171577994,N-NE,N-NE,NESE,0.20091007,0.20440974,0.21564993,0.48650948
277,2384755,CITY_TOWN,0,0,0,0.03189067069,0.03189067069,N-NE,N-NE,NESE,0.2337821,0.30066514,0.28320373,0.4332586
278,2384755,CELEBRATIONS,0.1313356465,0.05051990744,0.05523315548,0.003251727544,0.1313356465,N-MF,N-MF,MMMF,0.40935276,0.3502791,0.29268287,0.06750258
279,2384755,WEATHER,0.1442913372,0.03130258888,0.05301622769,0.002824896016,0.1442913372,N-MF,N-MF,MMMF,0.30501407,0.22154859,0.22837169,0.04733384
280,2426480,CITY_TOWN,0,0,0,0.1229661514,0.1229661514,N-NE,N-NE,NESE,0.24193892,0.15653794,0.20551552,0.04058365
281,2426480,FAMILY,0.2034317977,0.06379144129,0.04372756104,0.005450444178,0.2034317977,N-MF,N-MF,MMMF,0.52396844,0.41131803,0.31709704,0.13039221
282,2426480,WEATHER,0.1870551446,0.04679384834,0.04745867765,0.004184922666,0.1870551446,N-MF,N-MF,MMMF,0.44108474,0.32146937,0.26978259,0.06759238
283,2438720,FAMILY,0.2179535927,0.04614515975,0.03491646213,0.002357623739,0.2179535927,N-MF,N-MF,MMMF,0.54331643,0.38060411,0.35783085,0.18717381
284,2438720,WEATHER,0.1508655949,0.03463118603,0.03810566821,0.003645305195,0.1508655949,N-MF,N-MF,MMMF,0.32788513,0.19007434,0.18056562,0.02984264
285,2438720,CITY_TOWN,0.005169277271,0.006360231095,0.01070523725,0.3840100782,0.3840100782,N-NE,N-NE,NESE,0.36542815,0.39340567,0.41116982,0.83129646
286,2287548,CITY_TOWN,0.03922755477,0.276965314,0.006882761567,0.0007183641752,0.276965314,N-MM,N-MM,MMMF,0.40812745,0.49336877,0.31895007,0.11277259
287,2287548,WEATHER,0.1267071044,0.02866790332,0.03321041665,0.003867104709,0.1267071044,N-MF,N-MF,MMMF,0.29539155,0.24497969,0.177494,0.07344946
288,2287548,CELEBRATIONS,0.06714371627,0.02768756674,0.306955405,0.001678747797,0.306955405,N-SE,N-SE,NESE,0.31563932,0.2997119,0.42231746,0.2122755
289,2310557,WEATHER,0.139211649,0.03337502345,0.02452926153,0.002511746487,0.139211649,N-MF,N-MF,MMMF,0.43280581,0.31165633,0.2494933,0.05838372
290,2310557,CITY_TOWN,0.1055162723,0.03313038019,0.0600002833,0.002842431608,0.1055162723,N-MF,N-MF,MMMF,0.31886662,0.25203834,0.22904299,0.07202524
291,2310557,FAMILY,0.1773746269,0.07641030565,0.05589145992,0.005665661252,0.1773746269,N-MF,N-MF,MMMF,0.41951213,0.30160823,0.28035554,0.11762007
292,2427568,CITY_TOWN,0.003409939364,0.006207288459,0.009542048651,0.3619658145,0.3619658145,N-NE,N-NE,NESE,0.26801497,0.33645332,0.33294868,0.84189699
293,2427568,WEATHER,0.2237259004,0.04144391184,0.06583528703,0.006322743545,0.2237259004,N-MF,N-MF,MMMF,0.41294336,0.26996211,0.29555335,0.05936104
294,2427568,FAMILY,0.01429204636,0.0221470516,0.01910627719,0.6629014599,0.6629014599,N-NE,N-NE,NESE,0.17660097,0.21456303,0.27263248,0.96330493
295,2308561,CITY_TOWN,0.07463795313,0.3046143873,0.03342128031,0.05929633952,0.3046143873,N-MM,N-MM,MMMF,0.37356677,0.47516754,0.38166486,0.43349838
296,2308561,FAMILY,0.1226167626,0.2594699196,0.06837794366,0.01916702543,0.2594699196,N-MM,N-MM,MMMF,0.4512088,0.46835266,0.35164364,0.12135212
297,2308561,WEATHER,0.1104309386,0.3845927458,0.06540600181,0.01729044386,0.3845927458,N-MM,N-MM,MMMF,0.42377446,0.51265662,0.37184913,0.13398731
298,2391656,WEATHER,0.1562086588,0.03638675495,0.04684235884,0.01077510361,0.1562086588,N-MF,N-MF,MMMF,0.50499594,0.38364272,0.3744435,0.12289734
299,2391656,CITY_TOWN,0.1559274919,0.02071085711,0.03152218365,0.004179685968,0.1559274919,N-MF,N-MF,MMMF,0.52147214,0.44240061,0.40125759,0.18495736
300,2391656,CELEBRATIONS,0.1994409956,0.04716164518,0.0486982459,0.004795705102,0.1994409956,N-MF,N-MF,MMMF,0.54956757,0.44361076,0.43344902,0.21559153
1,2480898,WEATHER,0.4673319379,0.02792971538,0.01992210337,0,0.4673319379,N-MF,N-MF,MMMF,0.79050294,0.19680629,0.21578406,0.10248275
2,2480898,FAMILY,0.4554435392,0.03652965578,0.02206247119,0,0.4554435392,N-MF,N-MF,MMMF,0.76456215,0.31097345,0.25652134,0.19644914
3,2480898,CITY_TOWN,0.4953982258,0.02417575149,0.02147508656,0.002748691884,0.4953982258,N-MF,N-MF,MMMF,0.79778204,0.22630994,0.23976468,0.14042632
4,2479309,WEATHER,0.2374575163,0.02537715285,0.01498642663,0,0.2374575163,N-MF,N-MF,MMMF,0.38272151,0.11717709,0.14806074,0.06254525
5,2479309,CITY_TOWN,0.3375564785,0.00760097537,0.005028910343,0.003893974116,0.3375564785,N-MF,N-MF,MMMF,0.57791865,0.2161199,0.26340245,0.20284717
6,2479309,FAMILY,0.3620706033,0.02108030995,0.01445238799,0,0.3620706033,N-MF,N-MF,MMMF,0.61961173,0.38231358,0.22057713,0.10897142
7,2480214,CITY_TOWN,0,0,0,0.1120481325,0.1120481325,N-NE,N-NE,NESE,0.1801691,0.18405158,0.10055577,0.04203752
8,2480214,FAMILY,0.3214279546,0.07270461214,0.05364246302,0,0.3214279546,N-MF,N-MF,MMMF,0.54467661,0.3313584,0.23163425,0.14065654
9,2480214,WEATHER,0.05682891142,0.02708836348,0.4200752635,0,0.4200752635,N-SE,N-SE,NESE,0.24419817,0.11519582,0.39554287,0.18024231
10,2480217,CITY_TOWN,0,0,0,0,0,N-MF,N-NE,NESE,0.21555135,0.04040311,0.08584357,0.19045599
11,2480217,FAMILY,0.2573468765,0.03763843244,0.01491688571,0,0.2573468765,N-MF,N-MF,MMMF,0.51711691,0.33172963,0.20687883,0.15385802
12,2480217,WEATHER,0,0,0,0,0,N-MF,N-NE,NESE,0.34093007,0.07620192,0.16190448,0.10152668
13,2478451,WEATHER,0.2623948998,0.01351791155,0.007665974646,0,0.2623948998,N-MF,N-MF,MMMF,0.59829518,0.18386519,0.21653651,0.19415872
14,2478451,CITY_TOWN,0.2952668027,0.03520621797,0.02770780946,0,0.2952668027,N-MF,N-MF,MMMF,0.58213978,0.22617523,0.25916971,0.13806106
15,2478451,CELEBRATIONS,0.258111568,0.02291179142,0.0159414423,0,0.258111568,N-MF,N-MF,MMMF,0.61777691,0.19133526,0.20244043,0.16777642
16,2487374,WEATHER,0.02997111667,0.02105924551,0.5865452587,0,0.5865452587,N-SE,N-SE,NESE,0.24146807,0.18516757,0.67714403,0.06413624
17,2487374,FAMILY,0.08699038894,1,0.03546204516,0,1,N-MM,N-MM,MMMF,0.39077895,1,0.23332737,0.16977821
18,2487374,CITY_TOWN,0.03407553051,0.0213073156,0.5799460404,0.02201610592,0.5799460404,N-SE,N-SE,NESE,0.23062001,0.16492717,0.6349336,0.06355862
19,2480786,CITY_TOWN,0.1967239337,0.02488654384,0.02351640978,0,0.1967239337,N-MF,N-MF,MMMF,0.56590033,0.20107943,0.19822641,0.08186368
20,2480786,FAMILY,0.3244446141,0.07403606982,0.03571322926,0,0.3244446141,N-MF,N-MF,MMMF,0.67495272,0.2465379,0.24632085,0.11042286
21,2480786,WEATHER,0.2659043139,0.05198899738,0.0352814227,0.007565397453,0.2659043139,N-MF,N-MF,MMMF,0.39161403,0.11391559,0.17098009,0.08546976
22,2499566,FAMILY,0.3128627038,0.006820118588,0.01158256979,0.06118166554,0.3128627038,N-MF,N-MF,MMMF,0.57476209,0.37988284,0.22509206,0.2806641
23,2499566,WEATHER,0.01921414528,0,0.01294508277,0.9694622916,0.9694622916,N-NE,N-NE,NESE,0.18986368,0.15881216,0.11691674,0.96599533
24,2499566,CITY_TOWN,0.1729370644,0.01993939111,0.01809137247,0,0.1729370644,N-MF,N-MF,MMMF,0.41855919,0.11200399,0.10874568,0.02012625