no,username,testId,topic,Wishlist,About Me,School Supplies,Things To Do,Best Friend,CITY_TOWN,WEATHER,FAMILY,CELEBRATIONS,
1,A2391044,1667891,Wishlist,0.09630419706170666,0.013522739000043133,0.0,0.0,0.0,0.007142168091275897,0.0023766117587734545,0.0,0.005591783749342763,
2,A2391044,1667891,About Me,0.008205430379058758,0.1030834768161468,0.008645390603961797,0.01542304965370574,0.025858340423469052,0.027456199743596043,0.030969960205052847,0.03166751546734025,0.024974924021726873,
3,A2391044,1667891,School Supplies,0.0,0.0,0.06920042901549131,0.0,0.0,0.0,0.0,0.0,0.0,
4,A2543812,1786865,About Me,0.0,0.011163082808953343,0.0,0.0,0.0,0.0,0.0,0.0,0.0,
5,A2543812,1786865,School Supplies,0.0,0.010675181821688492,0.10078877459028238,0.0,0.00792879420411185,0.02098400340136282,0.0,0.004047556614565654,0.0,
6,A2543812,1786865,Wishlist,0.032577297730086656,0.0,0.0,0.0,0.0,0.0,0.0,0.0,0.0,
7,C2130502,1417170,About Me,0.02028350325904013,0.1994056941834041,0.0061741864322388575,0.07735850774154729,0.02418135072338401,0.035514039153288025,0.07208298508901191,0.04642158225484393,0.038385113273323605,
8,C2130502,1417170,Things To Do,0.012662457272962982,0.07300436469057309,0.0011841951264635073,0.3081063796660316,0.06291814075829474,0.02654817492864582,0.06792482583091229,0.03925018056840119,0.03786889705773088,
9,C2130502,1417170,Best Friend,0.004776846978313445,0.04015838583092013,0.0019345749237767627,0.05553047870398808,0.23810954952624483,0.019158312793714813,0.02755268148148977,0.03978960913204133,0.020594435688104176,
10,C2211421,1495628,About Me,0.0381562223287361,0.026149564218712913,0.06617797457028067,0.047888122781174144,0.014566579521588009,0.04337018841115791,0.0,0.0037180341535175774,0.0,
11,C2211421,1495628,School Supplies,0.0,0.0,0.11906310485601604,0.0,0.0,0.0,0.0,0.0,0.0,
12,C2211421,1495628,Wishlist,0.12284010091059112,0.014082898745345553,0.019207894017173995,0.0,0.0,0.02660504712604451,0.008815946405098214,0.00700799977468586,0.0057005501203796615,
13,E2193976,1478868,Best Friend,0.08728909502444267,0.1869429526026442,0.018924225061582922,0.07303502364523433,0.07497815033795059,0.07165669547046398,0.12813485459994733,0.07867735076190763,0.1008713825726102,
14,E2193976,1478868,About Me,0.01700829750003504,0.10958336506908409,0.010215423927286764,0.02520523981168238,0.014956608030490353,0.029497216454340263,0.033719529890462896,0.03248293099789942,0.031883221640385345,
15,E2193976,1478868,Things To Do,0.041641907905334424,0.2711395144940699,0.00932051370068743,0.2987426992143112,0.06872261850337125,0.056516034303661034,0.24082426146525598,0.07083378493868588,0.0955430210479942,
16,F2402431,1678025,About Me,0.02486852965120244,0.21280758596180432,0.010148104526434817,0.02291497266685958,0.023852828630825985,0.04251251172911782,0.06451698148524214,0.10148888196518428,0.057256034594332046,
17,F2402431,1678025,Things To Do,0.020083021861261943,0.07892673912670853,0.007428667853381173,0.23684912525031965,0.017489589827006942,0.03725876030571251,0.060644893870561746,0.06552926056156638,0.07153611321948672,
18,F2402431,1678025,Best Friend,0.009724745277135839,0.025667135466271092,0.0011648465544402086,0.014258688260811595,0.15203658924371355,0.014768681043403814,0.020148995399290666,0.01299011537593368,0.011339507233277406,
19,F2604487,1838797,About Me,0.01843422166147341,0.1969709487792363,0.007496633188084779,0.10125613871371462,0.026403390077967548,0.03055881090334058,0.09077668541299716,0.0714717632355318,0.052597364281593395,
20,F2604487,1838797,Wishlist,0.14116377299401067,0.019707700698801366,0.030677293981014132,0.0066726806681258275,0.019222411107504122,0.023882072108306132,0.019099315542088685,0.03686027686695932,0.012944604824877387,
21,F2604487,1838797,School Supplies,0.034061078948576115,0.0150089907934119,0.1744607039773255,0.004879534191447553,0.004452761062664004,0.027680931625995487,0.00753246231212361,0.015901262649897312,0.006532306945879753,
22,J2214674,1498742,About Me,0.048355420631426595,0.3740560785900643,0.025421571104285168,0.03999573067764724,0.06573850034632231,0.13514573586444645,0.12718209621537677,0.21988449844374866,0.11913584983115315,
23,J2214674,1498742,School Supplies,0.0,0.0,0.028250956844940233,0.0,0.0,0.0,0.0,0.0,0.0,
24,J2214674,1498742,Wishlist,0.032577297730086656,0.0,0.0,0.0,0.0,0.0,0.0,0.0,0.0,
25,J2575754,1811216,Wishlist,0.16696087084954023,0.018526786865624062,0.019288263123572968,0.005013375125641228,0.005146758022517566,0.0126009331261469,0.01204402994070425,0.006478086117752221,0.008968520710826329,
26,J2575754,1811216,About Me,0.023615671113273798,0.14573281842204447,0.007906253352848655,0.01617869312335458,0.015347972606305877,0.02310618199554313,0.03490783439490587,0.06910861418819496,0.029267227869198616,
27,J2575754,1811216,School Supplies,0.0,0.0,0.0,0.0,0.0,0.0,0.0,0.0,0.0,
28,K2130462,1417130,Things To Do,0.007948362389939073,0.0698933650419989,0.0030873410689496953,0.2831630960091848,0.041971946883697556,0.025027356352827785,0.058986867540798946,0.029085094370112533,0.025191187120177087,
29,K2130462,1417130,About Me,0.015879802577608976,0.20403275681918398,0.025791948059204598,0.02581736408218785,0.08169970464648398,0.039831732299629524,0.04432509623535549,0.08043856519051068,0.03198998219745195,
30,K2130462,1417130,Best Friend,0.007511695953088527,0.07185411547286615,0.005445647821431605,0.03334426674184428,0.4408619832714033,0.04691654643740834,0.056446711678761426,0.06529228826871487,0.03629144958452605,
31,K2607189,1841498,About Me,0.012735541089186484,0.17452575497674822,0.007510787243887836,0.04763685971544279,0.045625274151943264,0.055211139366361704,0.05974294232240549,0.07485263009369707,0.04500224236306812,
32,K2607189,1841498,Wishlist,0.163407498287741,0.024624267167520232,0.008743201842049731,0.006975250697962549,0.0069958281134296935,0.031651394067317776,0.018969690767329163,0.011591815870767255,0.017130660203982073,
33,K2607189,1841498,School Supplies,0.027331689296730736,0.05368859519332727,0.17725049397849924,0.001605368800891249,0.01171968209646429,0.04414851592461026,0.019972006136010953,0.03648941628973171,0.016704675066149272,
34,K2754060,1966632,Best Friend,0.005871515194507212,0.0316243313165987,0.005725556824965556,0.028873128250142533,0.18268425280934286,0.04944733369537084,0.06335407369296939,0.04670129409131352,0.06377105208766971,
35,K2754060,1966632,About Me,0.026256448560693008,0.20026027966114093,0.019468730102574074,0.0433142883882696,0.025160454916595035,0.04176755632375814,0.054849119041650574,0.11364987894240061,0.05238547733977288,
36,K2754060,1966632,Things To Do,0.023518463582345137,0.06256715721284001,0.00968683943444393,0.2927560590997081,0.024684751618130593,0.06741219735638683,0.08408448516884694,0.06474197047673876,0.07334917401409749,
37,L2365401,1642913,About Me,0.012591764048174671,0.1534377548323486,0.005458222795361255,0.021347161054727632,0.030427219615555823,0.04434764552542526,0.03904904497379743,0.09019535048067771,0.04634916379683938,
38,L2365401,1642913,School Supplies,0.0,0.00813424440619224,0.1849174354761282,0.0,0.0022944198109127057,0.017114992812981126,0.0008644129217351219,0.0026440829481624182,0.0,
39,L2365401,1642913,Wishlist,0.14214978237866427,0.004426341004296168,0.01154808245579615,0.0022283989766332868,0.0020334990607555133,0.005852859900409877,0.0009623558320724723,0.007707796308858647,0.0009848718578122642,
40,M2126970,1413708,Things To Do,0.03440450518176241,0.0946505366299184,0.008551737152617575,0.35385545341634617,0.05859194383398672,0.1095870350385321,0.14702597374642523,0.08662990262598551,0.10354286211752566,
41,M2126970,1413708,Best Friend,0.011388778239776654,0.06499018906171637,0.009014928494864948,0.032157560258373824,0.39547474195841004,0.0872585057397639,0.09022992134028983,0.12028132260778283,0.0916249551329748,
42,M2126970,1413708,About Me,0.019826565190682023,0.2787458804703026,0.009034010060660505,0.1121210784879426,0.061204263781862694,0.07581733212959516,0.12346581846047214,0.10850011924853933,0.0875928940210706,
43,M2247538,1530414,Wishlist,0.20272804181244175,0.025191760503704197,0.016635523973097522,0.010205728684903555,0.004391193820456935,0.06374423098575938,0.06019545477704037,0.015457961750846934,0.022494646392949312,
44,M2247538,1530414,About Me,0.01078680241618822,0.15701719932863223,0.012083053182100704,0.0065712120599056775,0.027127681207250808,0.026580720266917306,0.006220047254311294,0.06612451047590265,0.003509937239700402,
45,M2247538,1530414,School Supplies,0.03464349170088486,0.021752449821609447,0.18481364176448634,0.011151134689883562,0.004797971340716901,0.053122039908189506,0.062807442788646,0.013468446564616416,0.021037237072358394,
46,N2196111,1480932,Wishlist,0.2846981360363914,0.009671718776933262,0.0012912185446250775,0.004458631330612282,0.01584893697033437,0.026289623268330953,0.006393001276886003,0.015302294525775344,0.012146614815285074,
47,N2196111,1480932,About Me,0.0158814564488397,0.18081681438275626,0.021488817797414503,0.012710011342763804,0.029480570833824854,0.04188578745191204,0.03897097268073825,0.0844733833258266,0.04525010478074626,
48,N2196111,1480932,School Supplies,0.005662394927199238,0.012096409049813298,0.2996039051798056,0.0011655642983575607,0.00784761586588403,0.028727855792341356,0.004597000061382811,0.015826265117648387,0.004482305192509695,
49,N2341802,1620683,Things To Do,0.0381562223287361,0.026149564218712913,0.06617797457028067,0.047888122781174144,0.014566579521588009,0.04337018841115791,0.0,0.0037180341535175774,0.0,
50,N2341802,1620683,Best Friend,0.0381562223287361,0.026149564218712913,0.06617797457028067,0.047888122781174144,0.014566579521588009,0.04337018841115791,0.0,0.0037180341535175774,0.0,
51,N2341802,1620683,About Me,0.02545083469807172,0.17322977561920241,0.011776942157130415,0.0521462748505336,0.020381869148210743,0.03727759639986873,0.06492950545749739,0.0416952385882359,0.02934145622761041,
52,N2686425,1910822,About Me,0.02308167008409736,0.21982226636950408,0.015141554329979644,0.020916424038588698,0.030914271517711353,0.07421013078419059,0.07664658590860411,0.07864341331752332,0.06427702915972867,
53,N2686425,1910822,School Supplies,0.018822370723890754,0.004921049303713519,0.2648312306143911,0.002436846846564419,0.0022237156925912762,0.004707543665278154,0.002090873794254291,0.015394516777167393,0.00347520533840308,
54,N2686425,1910822,Wishlist,0.0381562223287361,0.026149564218712913,0.06617797457028067,0.047888122781174144,0.014566579521588009,0.04337018841115791,0.0,0.0037180341535175774,0.0,
55,P2126713,1413487,About Me,0.010754095228600264,0.10889356481273335,0.010423062140802606,0.037922636688881455,0.022016046891368123,0.021822040846073223,0.030779765305954804,0.029257518047514513,0.015413388525157438,
56,P2126713,1413487,Things To Do,0.011710316046933122,0.01673386072556406,0.007894198734875407,0.16149896606277475,0.021310539395670132,0.026095243857749,0.004250621135859481,0.01699330748351546,0.0028221968556681864,
57,P2126713,1413487,Best Friend,0.02041220623174694,0.015149960613955848,0.0016054862866463602,0.0072518554649545165,0.20238145606789926,0.036269730898481484,0.004064284463073497,0.025046625522714708,0.003971765368249477,
58,P2310281,1589832,Things To Do,0.018949493171399705,0.05450730109857415,0.004911863130230187,0.12905252104133202,0.03612608200437733,0.028288119623648682,0.04145775121923305,0.03610092439052575,0.02555742565929264,
59,P2310281,1589832,About Me,0.019985367828958926,0.1662581143158651,0.007412644960786396,0.026542888020295023,0.04631149955396218,0.022690822485260616,0.038294991640251186,0.03184749706733284,0.023513532631985447,
60,P2310281,1589832,Best Friend,0.02880627655236802,0.08589534324750318,0.00584152410145382,0.04153193002074848,0.227683254748912,0.03471925298434495,0.05486547946528969,0.04022839131189711,0.03207394939079808,
61,P2365297,1642809,School Supplies,0.0,0.0,0.028250956844940233,0.0,0.0,0.0,0.0,0.0,0.0,
62,P2365297,1642809,Wishlist,0.032577297730086656,0.0,0.0,0.0,0.0,0.0,0.0,0.0,0.0,
63,P2365297,1642809,About Me,0.0381562223287361,0.026149564218712913,0.06617797457028067,0.047888122781174144,0.014566579521588009,0.04337018841115791,0.0,0.0037180341535175774,0.0,
64,P2445780,1722513,Wishlist,0.07979775663744097,0.0,0.0,0.0,0.0,0.0,0.0,0.0,0.0,
65,P2445780,1722513,About Me,0.001794141235747313,0.07065251508592979,0.008311056444778694,0.0030023257209621087,0.005479473467433085,0.012477346145897615,0.0021384949012385607,0.011069062845619128,0.0006634597622704115,
66,P2445780,1722513,School Supplies,0.002860162059274428,0.008820683520566466,0.11220973465231576,0.004786210776267438,0.008735199773626003,0.007946881752560595,0.0020669718045859035,0.009475836585660528,0.0010576661424933226,
67,Q2195895,1480716,Wishlist,0.10059264325943146,0.01453225168824264,0.014145183256500523,0.0,0.0,0.03131248175783499,0.007662098686580288,0.006993444846461938,0.00723818502314157,
68,Q2195895,1480716,About Me,0.03610990327650848,0.10311317711666232,0.03131442416101508,0.0,0.018380498050439842,0.05776597337756187,0.04349296204903481,0.04926090258825968,0.04896161294831948,
69,Q2195895,1480716,School Supplies,0.013637436635348653,0.0,0.10543304538317577,0.0,0.0,0.0,0.0,0.0,0.0,
70,Q2242109,1524601,About Me,0.025065051231241274,0.23730036725324777,0.010832246328211476,0.07620420416906656,0.029434144683521877,0.058833877758889805,0.08741546487438762,0.08739489464310937,0.05813707041259361,
71,Q2242109,1524601,School Supplies,0.004334232556538941,0.0,0.17208704422054863,0.0,0.0,0.0,0.0,0.0,0.0,
72,Q2242109,1524601,Wishlist,0.2707630786503653,0.03155743270759662,0.02569863670742417,0.00688569869291448,0.006131040951150752,0.03546510653114491,0.01745430810493639,0.021638891398785776,0.020768249821636102,
73,Q2363304,1640912,About Me,0.026713604964769135,0.2709377182372165,0.01561304209356076,0.0591214924075174,0.04513721907575725,0.0804250698810472,0.1157040641446773,0.07997798116318428,0.07126751050015466,
74,Q2363304,1640912,Best Friend,0.01259728283374368,0.015044474991211886,0.007430975203247047,0.014784908073677433,0.26766352232175816,0.028637618318548632,0.0049651616392452184,0.016354864518802796,0.002258686113355235,
75,Q2363304,1640912,Things To Do,0.018220138550786125,0.03773247916847199,0.008714576902454505,0.3205181729387083,0.028953031741186692,0.08452042290730523,0.08192982974600446,0.03598862127368062,0.08750839326051282,
76,Q2599699,1834044,About Me,0.022338234539744563,0.2908602901131405,0.024042967573589775,0.056621026422383196,0.03762434791755031,0.07968103146413326,0.09660724589914432,0.09634008271142885,0.08110069346813908,
77,Q2599699,1834044,School Supplies,0.007733243127702323,0.04725694567502596,0.19683001284817037,0.014414671041572073,0.012613897188470655,0.025068553908010653,0.02167848069808702,0.05015105638631752,0.011184276411047063,
78,Q2599699,1834044,Wishlist,0.1665440027013378,0.012881942455907795,0.024980266791488244,0.0,0.0017135734095222372,0.012610833381782923,0.007874409456863114,0.01078964939907137,0.00456458349525258,
79,R2128864,1415571,Best Friend,0.008309342522038634,0.0629126147618568,0.009816908785114707,0.048774148415302164,0.4285071260824628,0.04703467170171602,0.046295572367406876,0.07182164227290111,0.033135095700975406,
80,R2128864,1415571,About Me,0.021055383556959267,0.21729833921556843,0.008266391578802,0.08280059958139108,0.05970996637162515,0.038951061037982626,0.07255006202339645,0.046397929870393026,0.035453867704603834,
81,R2128864,1415571,Things To Do,0.016397480267411946,0.09845630738954039,0.008783044672536836,0.33813126047685405,0.03522374131587889,0.05722653346003342,0.10522742262323152,0.03354605770853823,0.04858045741332788,
82,R2185981,1470990,Wishlist,0.2225245542729566,0.0573107279859421,0.012306065933622356,0.04394598745541255,0.0185292675504199,0.03287666341950907,0.04709633113539507,0.02066099631642472,0.041028614331288786,
83,R2185981,1470990,About Me,0.010707226772264919,0.18837828026213438,0.015168047662081525,0.08638112733632901,0.029329316467601348,0.03366561743641883,0.07398571544767385,0.03760351125509881,0.04270815101036203,
84,R2185981,1470990,School Supplies,0.0381562223287361,0.026149564218712913,0.06617797457028067,0.047888122781174144,0.014566579521588009,0.04337018841115791,0.0,0.0037180341535175774,0.0,
85,R2391182,1668029,About Me,0.037015921827916014,0.306773321926385,0.03120023742062876,0.06128103746896047,0.0452003330802429,0.10771151118295348,0.11789205024141078,0.0905550823944089,0.11618797382229244,
86,R2391182,1668029,School Supplies,0.02766634677445292,0.04467538094808458,0.4937400490250662,0.02137047969714182,0.022164987672687493,0.060046504980220225,0.05255175951778332,0.02731508796237819,0.05432653681450229,
87,R2391182,1668029,Wishlist,0.28443024455956445,0.011975668127243301,0.00222916470746922,0.003400151506324594,0.012457680558194576,0.014868688991661522,0.004346341871509313,0.00704132521211427,0.002048920517268789,
88,R2403592,1679009,About Me,0.03673710271324365,0.15601198123648152,0.004698789666230791,0.09976553505565347,0.026095972229870878,0.04464042771605864,0.1284257964970141,0.03008655168789167,0.04516538918199703,
89,R2403592,1679009,Things To Do,0.013322388374123983,0.08804825202093478,0.0029818879492549584,0.20356386161960657,0.02489022365790542,0.02288448552720055,0.0777334402722186,0.023402892606723444,0.030566832714103962,
90,R2403592,1679009,Best Friend,0.0072695000291752515,0.004981998904741952,0.0,0.0,0.057506011084671654,0.008459694161454341,0.0,0.005666860656090722,0.0,
91,R2724169,1941964,Wishlist,0.47858914913852535,0.06061168978481798,0.023899633991356327,0.04529220728499157,0.026024312568850072,0.09658282621117315,0.11854875729798575,0.04922519483331991,0.06517845468749198,
92,R2724169,1941964,About Me,0.05486873836024171,0.36451032946191886,0.029644821597786423,0.0692080893945925,0.05624345967295295,0.12230948402240195,0.13321256146659255,0.1545003679083255,0.11375043864251597,
93,R2724169,1941964,School Supplies,0.01736207867615276,0.013595578728645006,0.45372115515633277,0.004976783154444786,0.003422817908905631,0.01763417481384339,0.009219372242186108,0.006127519876232333,0.02205632510990447,
94,S2062106,1352749,Things To Do,0.0381562223287361,0.026149564218712913,0.06617797457028067,0.047888122781174144,0.014566579521588009,0.04337018841115791,0.0,0.0037180341535175774,0.0,
95,S2130424,1417092,About Me,0.02169217240021567,0.19645174277110639,0.008541539636663719,0.020971904934301018,0.036129310946803925,0.03758470431630252,0.049656902858202144,0.07260744887762577,0.03284464690192315,
96,S2130424,1417092,Things To Do,0.010867111297885703,0.049340249419157024,0.004192419941174684,0.2900832317002371,0.017078522707224486,0.01833733589644855,0.04306171423493055,0.023294669142510518,0.021531548540261628,
97,S2130424,1417092,Best Friend,0.0074932238019207575,0.06583059006546244,0.006039828566499102,0.01819382203996491,0.2477173131546642,0.06774856760837474,0.06526983748779362,0.07934188270259845,0.040451868021781946,
98,S2572936,1808501,School Supplies,0.0381562223287361,0.026149564218712913,0.06617797457028067,0.047888122781174144,0.014566579521588009,0.04337018841115791,0.0,0.0037180341535175774,0.0,
99,T2129422,1416131,Best Friend,0.017716940431399594,0.06545819403709839,0.005493565866500154,0.0895408632526115,0.2928449997629927,0.07331391776288795,0.07388777050496736,0.06011262000589673,0.06264844435547187,
100,T2129422,1416131,About Me,0.0116973918913866,0.18791849372883784,0.007586925705429559,0.038430546992094444,0.04156775634207647,0.042045453408567274,0.05539171574069125,0.0546495338711504,0.03585558065291719,
101,T2129422,1416131,Things To Do,0.015494254615020322,0.06711668622531335,0.0017559577683505744,0.3044902671995853,0.06325266352187536,0.04564368679168639,0.0545596908247665,0.016154977419342284,0.019982284945108987,
102,T2445801,1722534,About Me,0.011183598835877415,0.1705011855581694,0.00840882773054937,0.015002888020796822,0.032905583330284184,0.04385034114819168,0.04892251734195555,0.08659539744295869,0.05445710202996075,
103,T2445801,1722534,School Supplies,0.0381562223287361,0.026149564218712913,0.06617797457028067,0.047888122781174144,0.014566579521588009,0.04337018841115791,0.0,0.0037180341535175774,0.0,
104,T2445801,1722534,Wishlist,0.20998180485428014,0.02931245527729487,0.001093299090444444,0.024851651023726978,0.0058909866496775695,0.01394998722729953,0.020203045328829557,0.016413882898455936,0.01674586267416264,
105,U2215035,1499102,Wishlist,0.15080589266817196,0.022586501917211788,0.043222537194063985,0.006359455543072109,0.006528651460320123,0.010069828766980135,0.021620257359276182,0.01617936108784394,0.012521770414802794,
106,U2215035,1499102,About Me,0.012345814204585723,0.2128262620544396,0.022871924615431166,0.015548037945423875,0.0348148600869468,0.05923126337667351,0.0634650078664452,0.11066232585271271,0.062496601876766075,
107,U2215035,1499102,School Supplies,0.004994418960778914,0.009232404586179369,0.17093282153915423,0.0016132392524146717,0.0014721423492643326,0.011175891055171852,0.0031351189742771166,0.007021681675886059,0.0021389804379040108,
108,U2228777,1511783,About Me,0.0381562223287361,0.026149564218712913,0.06617797457028067,0.047888122781174144,0.014566579521588009,0.04337018841115791,0.0,0.0037180341535175774,0.0,
109,U2403424,1678840,About Me,0.016245976323766828,0.20249002631763002,0.0035209265975281764,0.06253207373285154,0.023344621460282582,0.03048235057269024,0.06495643307937511,0.060880558355495086,0.041378906329177366,
110,U2403424,1678840,Things To Do,0.007431296352383633,0.031035677602257502,0.000768335530238527,0.24586782399583565,0.019789902747445468,0.012704953109081943,0.02777467708165575,0.011217313938358849,0.012262437118857848,
111,U2403424,1678840,Best Friend,0.0,0.0103016655295031,0.03476123496060048,0.0,0.03920958005713155,0.02024978947633545,0.0,0.0039059357631051686,0.0,
112,V2292297,1572364,About Me,0.020716250690412677,0.19127090536536878,0.018488914443762546,0.02494882079633518,0.03788352091126572,0.06548579989559238,0.05178908618795779,0.10880329849222267,0.059061186016840565,
113,V2292297,1572364,School Supplies,0.011911119494663325,0.04630221909903974,0.17489267006811432,0.013741001915285834,0.02426797372250785,0.029742653486519083,0.030142926894684906,0.048576210655556284,0.030080783551644907,
114,V2292297,1572364,Wishlist,0.2138106728661567,0.027681801076449526,0.0039430860112890445,0.007357339271524032,0.005479809053222722,0.02982883510422947,0.03642552159924811,0.03011462988299001,0.024515525454849266,
115,V2732462,1948503,About Me,0.06015428768477595,0.2222387473556308,0.007294440765515166,0.0849774012954695,0.036701296740151164,0.06629541633515905,0.12307158236116117,0.08746777285133389,0.08261400368370375,
116,V2732462,1948503,School Supplies,0.0381562223287361,0.026149564218712913,0.06617797457028067,0.047888122781174144,0.014566579521588009,0.04337018841115791,0.0,0.0037180341535175774,0.0,
117,V2732462,1948503,Wishlist,0.2542598657233098,0.09020127236602522,0.006821378179609151,0.04161844061909458,0.025174642744720296,0.05396956914950588,0.08401159911486682,0.06663578716594404,0.0626429814969082,
118,W2186138,1471146,About Me,0.010466861402760942,0.15203073857757915,0.011422837926354061,0.00828333527061095,0.010784835611859453,0.031185643089306228,0.012971962872992715,0.013501791799921309,0.004499005589593568,
119,W2186138,1471146,School Supplies,0.004190795942656154,0.006792325626871531,0.2270370284509503,0.0,0.0,0.007409825476714868,0.002271442196121764,0.013058812501836034,0.0030928126168755974,
120,W2186138,1471146,Wishlist,0.1218930866929127,0.0,0.0,0.0,0.0,0.0,0.0,0.0,0.0,
121,W2402229,1677823,About Me,0.018117406569760727,0.2653854255915984,0.012549055559216173,0.10798904430451776,0.034954063160892855,0.06850110282227978,0.09896544083447383,0.091450469671615,0.09497274149193458,
122,W2402229,1677823,Things To Do,0.01798653385225358,0.0948957978896747,0.01377877480648251,0.3641191231723252,0.043228310595453005,0.0687102436339681,0.09794353494308831,0.08649095865708263,0.08987905104765292,
123,W2402229,1677823,Best Friend,0.009893998249447603,0.06440383898523457,0.018255785481268178,0.06073815495817605,0.28803901219651096,0.053374905969490516,0.07352869718122387,0.06866184176093337,0.056307496825938885,
124,X2572951,1808516,About Me,0.034389430751072925,0.24241885305342806,0.016281305434017006,0.07131959635591313,0.05465881229972131,0.09200053501667212,0.12202260282221504,0.10988511958296762,0.08400848732468737,
125,X2572951,1808516,School Supplies,0.005080210042155273,0.008202080564865327,0.18290143073347495,0.00145511897031168,0.0013278515608936541,0.018207280756911207,0.005581344110984293,0.012273042278064132,0.0019293300777680758,
126,X2572951,1808516,Wishlist,0.0381562223287361,0.026149564218712913,0.06617797457028067,0.047888122781174144,0.014566579521588009,0.04337018841115791,0.0,0.0037180341535175774,0.0,
127,Y2556512,1795431,Best Friend,0.01723864308522787,0.04461351271617333,0.013311311733998975,0.015566377339983459,0.24916959793092422,0.05814157496299362,0.050439766904904114,0.07087672088920192,0.05077267758459578,
128,Y2556512,1795431,About Me,0.009701339857135945,0.18298552659468223,0.007541138761370206,0.06937610670720215,0.033433748476857296,0.028417319773782746,0.05284255244396146,0.05350997782397501,0.02544106947682728,
129,Y2556512,1795431,Things To Do,0.01152306485651192,0.06545513796026424,0.0031757486887012062,0.27039028651637487,0.038757024648340827,0.03396057340872984,0.08629730445091004,0.022165716928444622,0.031213274147102538,
130,Y2744833,1959012,About Me,0.0381562223287361,0.026149564218712913,0.06617797457028067,0.047888122781174144,0.014566579521588009,0.04337018841115791,0.0,0.0037180341535175774,0.0,
131,Y2744833,1959012,Things To Do,0.0381562223287361,0.026149564218712913,0.06617797457028067,0.047888122781174144,0.014566579521588009,0.04337018841115791,0.0,0.0037180341535175774,0.0,
132,Y2744833,1959012,Best Friend,0.018087144439118217,0.03280006292558912,0.00545809535900956,0.024699799244125745,0.17148773200146236,0.06078063804921667,0.08522786730794875,0.03790665440542354,0.04210667211128519,
133,Z2686461,1910858,About Me,0.02103901761218233,0.15070614500944654,0.007438336682121434,0.021346110054566464,0.02337322042796907,0.02901710152150543,0.04250483228954906,0.07171653629879839,0.03152593502651634,
134,Z2686461,1910858,School Supplies,0.016808597753381033,0.0067388329853236605,0.20762883702495313,0.0013895271603131993,0.0012679965324971327,0.012938979074680486,0.004143815326387081,0.02011494387633437,0.00972644391093978,
135,Z2686461,1910858,Wishlist,0.20899393149673845,0.021276746019830022,0.012693607728849383,0.007817178584494225,0.006917507872432111,0.023676277641242797,0.01837673035914894,0.009474874285565945,0.024613171404869138,
136,A3243960,2425634,CITY_TOWN,0.0381562223287361,0.026149564218712913,0.06617797457028067,0.047888122781174144,0.014566579521588009,0.04337018841115791,0.0,0.0037180341535175774,0.0,
137,A3243960,2425634,WEATHER,0.01744723402147872,0.04673952450219673,0.00427876286271691,0.03124784268664676,0.019750118911187844,0.04290575628126779,0.11247658837623602,0.07081889814618263,0.05561447157249029,
138,A3243960,2425634,FAMILY,0.00713867921964277,0.050887527326885895,0.002476185194053256,0.016477397283419012,0.010312281497818482,0.023178170775472264,0.03136278177587913,0.16732145620487845,0.045682572896492565,
139,C2979366,2178300,CITY_TOWN,0.016275593906354656,0.04342918040203776,0.005121992871802486,0.020947422309355566,0.022300351990496656,0.11775842179709584,0.07195012702751774,0.042511141333099856,0.04004072998116698,
140,C2979366,2178300,WEATHER,0.028876513673588868,0.1003483875438963,0.009494661045216792,0.0828279930467439,0.031051940586623573,0.0974219257105115,0.2730361944226065,0.061386645448880124,0.07699859441940718,
141,C2979366,2178300,FAMILY,0.029345471727121396,0.130074772023493,0.021316512480687506,0.05968481650883793,0.09344355143569524,0.09659752924475053,0.11490794973564111,0.3285922102933119,0.07073802952559995,
142,C2987553,2186102,CELEBRATIONS,0.019689996888769278,0.08118410348325693,0.0032013393789074905,0.052243826317270974,0.030704846660940133,0.044465056583761584,0.08854154839142504,0.06018686821973806,0.1376108782842341,
143,C2987553,2186102,CITY_TOWN,0.00649488230783786,0.03659202654464182,0.005825381085494442,0.010868932587089715,0.018128037863068748,0.08180834522337688,0.032255620805596345,0.06726230704582327,0.03437641398489073,
144,C2987553,2186102,WEATHER,0.017682192071550133,0.058866554731180326,0.005377365618901815,0.06903481156193561,0.02233674247707114,0.057205850205008686,0.12556065233627803,0.03384491417169466,0.048418378167906104,
145,D3082747,2277106,CELEBRATIONS,0.013875216480047557,0.06869731733205185,0.005706261400971503,0.03272941747599821,0.03640329113302947,0.055594063195038915,0.07706365124346619,0.09727934342544653,0.3011801709154294,
146,D3082747,2277106,CITY_TOWN,0.013646907304904926,0.051448298905826625,0.013225139617215319,0.020037299093964962,0.058795898996281834,0.2235337029076484,0.07220170178968573,0.07063832286397602,0.06460047618328348,
147,D3082747,2277106,WEATHER,0.021092872042120507,0.06729339166001044,0.007496635027316288,0.03907411109117184,0.03898883175407538,0.04826882829403677,0.12889053208496382,0.06276991651906436,0.056836570312399595,
148,E2824037,2030188,CITY_TOWN,0.036743758848470365,0.05099384921262629,0.02339679886626336,0.037157824713978146,0.03559714542579395,0.23760851494180343,0.06625359525152169,0.05625348884929408,0.05541195082428431,
149,E2824037,2030188,WEATHER,0.020755716716761186,0.07621916692735814,0.012474810204166473,0.06497033116946944,0.03408503575790982,0.0901535389869985,0.20125684380803036,0.10139587581612158,0.13023739304714904,
150,E2824037,2030188,FAMILY,0.020300978000148347,0.09472861207316852,0.028650986533077634,0.03540044470760555,0.04524590772280458,0.1016475886182038,0.09189364944452151,0.2599610342655404,0.1118243353334745,
151,E3115254,2308601,CITY_TOWN,0.012202475174545872,0.07443004698967766,0.014573076631168538,0.017671066247577187,0.0373007355022591,0.11888120510796155,0.06120740560510563,0.06375365835109774,0.04899372708257539,
152,E3115254,2308601,WEATHER,0.009834925240984067,0.04981099112702028,0.007354298888522584,0.024022257452616762,0.023927989344767257,0.04646806224037035,0.1218476082604277,0.039565534472409625,0.07371588244480498,
153,E3115254,2308601,FAMILY,0.026399187359833456,0.13622796416516056,0.017186770195661658,0.025189378961763625,0.05634622037476307,0.08278348286639606,0.07957091174545006,0.2717617466748197,0.08483607721741045,
154,E3243783,2425458,CITY_TOWN,0.014174433400615395,0.03787165931821414,0.0011144851638827688,0.05524409966138929,0.00883031945953456,0.09343227737359062,0.05294719547757934,0.05388843183240048,0.03364662616152477,
155,E3243783,2425458,WEATHER,0.005543245858714936,0.05013542490776042,0.007884065162221825,0.02544522258006019,0.02998002253031725,0.03751768203556019,0.12732074309118557,0.07123452389756915,0.06872253072507008,
156,E3243783,2425458,FAMILY,0.01722068195255949,0.08212330142003299,0.01157672959980287,0.04709526183693428,0.029309882404919677,0.06721605672147804,0.07785061209367009,0.23193348093875515,0.08163588999153173,
157,F2824101,2030248,CITY_TOWN,0.04531955359384149,0.06940972753814324,0.02124348758473337,0.05710084186340375,0.029152733857452953,0.32016753954380006,0.15304832293464174,0.0726041710547998,0.11000571161634122,
158,F2824101,2030248,WEATHER,0.05539814159436317,0.09358168401770092,0.02389794675474215,0.07671605735344575,0.05690320327474273,0.16182539625075348,0.35976835744648666,0.12906226637096038,0.1021093835442654,
159,F2824101,2030248,FAMILY,0.027543076027909605,0.08362389824388107,0.024191970718785788,0.03455891415670556,0.06962168618866062,0.10553286365478487,0.09141222481609074,0.33059988562513615,0.07438218664752176,
160,F3088031,2282384,CELEBRATIONS,0.020814454315646633,0.053852280949003524,0.011235818606754105,0.035823399456221906,0.030359098105627258,0.08866880798030562,0.10355035667767515,0.07681233686881674,0.2505149811911745,
161,F3088031,2282384,CITY_TOWN,0.008280438105272627,0.019820853593459902,0.006043821452252433,0.008267148157768878,0.004841323487788943,0.09655805269387721,0.029348660225496506,0.019463560510678126,0.032991811769078415,
162,F3088031,2282384,WEATHER,0.02682396993357153,0.08914217160765077,0.01317990364254528,0.06121849749670602,0.0448740858334022,0.11330455306047141,0.21958565130211766,0.09174029972408428,0.11246869782356995,
163,F3242967,2424671,CITY_TOWN,0.02640481959965562,0.032112527247631015,0.01273568959495065,0.03394739260763789,0.021857285242919806,0.1709650015680544,0.127506723073146,0.04014203053045808,0.065643178608792,
164,F3242967,2424671,WEATHER,0.052951354866257336,0.09558756369521637,0.010570757776991013,0.08892518165707597,0.029378611416588672,0.09012985125254283,0.23303696117732617,0.04586207056332334,0.07067548187732361,
165,F3242967,2424671,FAMILY,0.027711825503158503,0.10508664045320107,0.018664123444003013,0.030153836730739857,0.040495961293417766,0.09532265963272143,0.1569825549765212,0.2709970897387523,0.07264160947708705,
166,F3242977,2424681,CITY_TOWN,0.0381562223287361,0.026149564218712913,0.06617797457028067,0.047888122781174144,0.014566579521588009,0.04337018841115791,0.0,0.0037180341535175774,0.0,
167,F3242977,2424681,FAMILY,0.024170877879096594,0.15909942672313918,0.027962075565481283,0.03537229733097853,0.05981157355723639,0.08813482222809718,0.11108491416597119,0.34972724119176063,0.12996930987885308,
168,F3242977,2424681,WEATHER,0.006030169820173581,0.031246113361378506,0.0029316658135646574,0.00732556105499561,0.01928234258627758,0.036584741464002604,0.09625860244727119,0.04419816122723359,0.03606604824222122,
169,G3091939,2286276,FAMILY,0.021614839405810767,0.14032021772061998,0.009087810901564805,0.05503406590975844,0.07154307961971548,0.0998914239405091,0.11329155238780068,0.3882021789639338,0.14685038398870523,
170,G3091939,2286276,CITY_TOWN,0.0638749136102327,0.044437030524194315,0.027054312305585925,0.0272951181507818,0.012315320496067934,0.21087891266160552,0.09827097224326435,0.03996147683371916,0.06090721062623635,
171,G3091939,2286276,WEATHER,0.03364453200877178,0.07860343338191011,0.008316821713581881,0.07753297399441982,0.0313838384911175,0.09711474739722563,0.22259003978200376,0.06887001561018388,0.08377194790240051,
172,G3146629,2337550,CELEBRATIONS,0.038024843871072356,0.10118656903970245,0.01828654627526405,0.08664543351923226,0.04143442809124035,0.09192310738345442,0.15445924417536813,0.08660399493756404,0.28634803802688197,
173,G3146629,2337550,CITY_TOWN,0.002988070955577427,0.03717228605322745,0.007566259694603533,0.031012298054592456,0.03176346018162048,0.12222518811025643,0.046270170658616855,0.043896233462452396,0.04051555188030199,
174,G3146629,2337550,WEATHER,0.019646699294485037,0.07317876398506251,0.0071734785524147455,0.05251200981884783,0.03286314283595429,0.08333590662281008,0.2725274497538725,0.05873597828482018,0.10460757736309145,
175,H2903814,2106362,CELEBRATIONS,0.016731005963597993,0.05967977512134487,0.0064376888749794,0.028641934638586716,0.014939612847758818,0.04729762730679447,0.0466203796230541,0.06529059706347763,0.1264819544771476,
176,H2903814,2106362,CITY_TOWN,0.012986395133505566,0.05078911395685696,0.014823783565066757,0.024729975643445676,0.016489125907281157,0.09620447952886278,0.0475668431240973,0.04292017009421166,0.08733506362718263,
177,H2903814,2106362,WEATHER,0.035401904072699525,0.08785531047976836,0.0061516811728387424,0.05060492611105172,0.01809449805683621,0.05354638940218004,0.11354069992947,0.06193323036859385,0.10092220690007209,
178,H2937626,2138526,CITY_TOWN,0.023726857885204053,0.051187978458239025,0.010982567903933189,0.04569754287231612,0.0419267497980311,0.23514780315506117,0.1328312511447544,0.05440016558876067,0.09205478106724048,
179,H2937626,2138526,FAMILY,0.010691247012782207,0.09416780992632781,0.008271610400557919,0.022181515523002175,0.03680773880563667,0.06486517896926387,0.06844358398268573,0.3119814881933052,0.0706576419626836,
180,H2937626,2138526,WEATHER,0.03197758838416976,0.06298132966306083,0.00846246676115165,0.047427978113987294,0.02697855947825247,0.12021543987268316,0.2677446728493527,0.05738663281016502,0.07069414712563908,
181,H3219555,2403643,CITY_TOWN,0.01746453247579369,0.026323281287140465,0.010103011198025931,0.02717227578985936,0.01072163881391658,0.11872347116641532,0.06938681405303954,0.043578982163808025,0.03845156692337871,
182,H3219555,2403643,WEATHER,0.04179308028766306,0.04911829394630852,0.0073694854001113315,0.04721162585527775,0.021388352499211654,0.06292801599952107,0.1542957753825244,0.041548893495519684,0.041359968649165524,
183,H3219555,2403643,FAMILY,0.007404318946284341,0.0781023443260255,0.006635395767967796,0.017943487774457846,0.03568319528860356,0.061211226598019655,0.05179656111215463,0.2423153384924739,0.054792898116362704,
184,K3240911,2422734,WEATHER,0.010979519555965284,0.0678387502345558,0.016872508258230858,0.039565901948678144,0.033808828654807735,0.06632931028203508,0.1548164913045844,0.06617256817114783,0.047901914764236095,
185,K3240911,2422734,CITY_TOWN,0.01150958044733141,0.02416578894643393,0.006990186769166695,0.01168021673587349,0.03684356225173166,0.14025164780731783,0.01984517692048989,0.03116772099871855,0.018870102085037532,
186,K3240911,2422734,FAMILY,0.030338707028463502,0.10112808923285624,0.022332870774346113,0.031888958428408845,0.038497300068607555,0.07857490627284058,0.08637475675135374,0.285775096457109,0.11050472623105867,
187,L2982820,2181457,CITY_TOWN,0.0057469220403146256,0.015414961433599756,0.0039649595065672635,0.011819516989578973,0.007896818582942628,0.1261625481254178,0.02925192445887944,0.011873017783887743,0.034296481262262146,
188,L2982820,2181457,FAMILY,0.012613257518559209,0.09392703566559722,0.007664741121675122,0.026761580123111483,0.046565293878379384,0.05950404944753056,0.06851586084235345,0.2312560331155042,0.07066087415750394,
189,L2982820,2181457,WEATHER,0.010604816116904774,0.028822637596047227,0.003566289094704898,0.007686782897798113,0.016170030191515486,0.044167478742234756,0.09401371278183612,0.02831809695551863,0.027870465022121076,
190,M3005429,2203165,CELEBRATIONS,0.018776748718355996,0.058562278619712985,0.015033215224195188,0.05087120444915633,0.04945240411503757,0.0916630964258434,0.10951962788140598,0.0978470209698575,0.3758695509551414,
191,M3005429,2203165,CITY_TOWN,0.016568027850046917,0.055278509337799306,0.011978977216352398,0.047184141502418,0.045266704100031384,0.23346762778499863,0.12075233101078475,0.050227615944261235,0.1065281987513993,
192,M3005429,2203165,WEATHER,0.025056102115179127,0.10217304089373003,0.00896498854753333,0.08373989269731144,0.0467577445273862,0.09653549938493046,0.2754309418350693,0.06822000385026342,0.09774623309038155,
193,M3206220,2391676,CELEBRATIONS,0.01616703603755603,0.08152128121681108,0.012648745893536487,0.06727211127483013,0.04029095637843627,0.08445276694406423,0.1019895911490242,0.10747773511303169,0.3317312365600671,
194,M3206220,2391676,CITY_TOWN,0.030332524652179515,0.07085413411603528,0.02697152200562365,0.053746775021558404,0.03365149977486667,0.22951904385361838,0.09694457625631345,0.04720112287745902,0.09267792797584404,
195,M3206220,2391676,WEATHER,0.0241555198933654,0.10943762385086006,0.013675067820070982,0.07064828489081551,0.04366218901236412,0.11712194434532294,0.26315730691419886,0.10092245549603848,0.09163898252572639,
196,M3243765,2425440,CITY_TOWN,0.01655926916071468,0.1048822073002321,0.009573177713677392,0.02001414171277199,0.0662422659696655,0.05589320948939512,0.07197110395453162,0.10884660570338647,0.10358822929654699,
197,M3243765,2425440,FAMILY,0.028737223959747968,0.11017102504399806,0.010204446141447448,0.04573813252113113,0.023044775942972523,0.058405764739161314,0.08570483283649181,0.2472892893111249,0.0591951799961085,
198,M3243765,2425440,WEATHER,0.03232111998553813,0.08057498992419865,0.013926455699078057,0.0655318491957873,0.04124109782184328,0.1015228671250698,0.2411510338735942,0.08188092209335632,0.10202118937655769,
199,N3222562,2406465,WEATHER,0.05121025890629928,0.13097911650096086,0.021792115568282464,0.08593043124611385,0.06570243948817081,0.16706008815638726,0.39462091055704973,0.13068905499455324,0.1402676360947524,
200,N3222562,2406465,CITY_TOWN,0.0381562223287361,0.026149564218712913,0.06617797457028067,0.047888122781174144,0.014566579521588009,0.04337018841115791,0.0,0.0037180341535175774,0.0,
201,N3222562,2406465,FAMILY,0.040577794402732396,0.14593180128749947,0.02636240144337176,0.08402030884415602,0.10077654337624949,0.1435725105188672,0.17843506824870162,0.33694268347084017,0.1757395463347719,
202,N3243813,2425488,CITY_TOWN,0.024111160713696914,0.02598879301253454,0.01107980158108989,0.010454680658857265,0.012139416888772297,0.10211534794365222,0.034567759529065156,0.023433629146617105,0.016515475164738974,
203,N3243813,2425488,FAMILY,0.0125390123051223,0.112389606679167,0.016291855823268545,0.037214607063398686,0.043900602890988155,0.059916500345423916,0.08431024236507464,0.15348700388545197,0.04254193542294371,
204,N3243813,2425488,WEATHER,0.006519189439191372,0.04840838134079278,0.006197722846568088,0.019758359915822317,0.04621548229658564,0.03368857201084777,0.10118840795038705,0.04671678263192453,0.040474595497231626,
205,P2902453,2105118,WEATHER,0.034565104371242814,0.0862004844502271,0.012531052168644401,0.08278734475325597,0.04487796682606641,0.13273901797182375,0.31530677017653475,0.07660478632321255,0.11033680955084771,
206,P2902453,2105118,CELEBRATIONS,0.03190116242260869,0.07653282730875148,0.019142183868021106,0.04727710618177872,0.032841094583432553,0.09282309415714297,0.13894646518129755,0.10476401620955317,0.3084572075613079,
207,P2902453,2105118,CITY_TOWN,0.033613198680057854,0.03688080804813162,0.014823994907882276,0.03694875032216735,0.018916663184825103,0.19673732463095905,0.09262958256718368,0.043092894543024216,0.04788431071824637,
208,P2991446,2189638,WEATHER,0.05079807919708116,0.0849911117947748,0.019153660242259424,0.05504952928366292,0.04181552796145921,0.0976586563394693,0.2103545437612815,0.0705996671659381,0.08427926116019985,
209,P2991446,2189638,CELEBRATIONS,0.04459647066489895,0.09603261515444429,0.03083220416240351,0.0545680431185663,0.04330859535367572,0.12959802318886357,0.11714208606354912,0.0974322747781119,0.32281037614865404,
210,P2991446,2189638,CITY_TOWN,0.050553626234874374,0.0733780293544184,0.037708371887667146,0.03046470436437831,0.03666297577340752,0.2791040364185606,0.10012729116376792,0.0752656744018413,0.0704493338210168,
211,Q3146647,2337568,CITY_TOWN,0.007851919441630356,0.010649284051555378,0.033724564827849704,0.0039637409962010785,0.01975830286539853,0.10371355551779449,0.001883195198539444,0.007392565971998526,0.0017518303498384753,
212,Q3146647,2337568,WEATHER,0.016908215495288658,0.06042142240837785,0.004426772440509137,0.04455264462682727,0.029443803725454517,0.055602851628197024,0.11495754170307781,0.031982130126944425,0.0377507762095924,
213,Q3146647,2337568,CELEBRATIONS,0.010364367827977596,0.03565312775525783,0.008433098603139544,0.022353361470718945,0.025402558492028268,0.022312328385556735,0.04619079754798217,0.027075313327517954,0.15540708868976125,
214,Q3227235,2410455,CELEBRATIONS,0.034795852838174005,0.11412570935328609,0.02129982430132616,0.0730492506615074,0.059542071210170196,0.12027825624212339,0.17084469006957403,0.10942697238335242,0.3595907000412105,
215,Q3227235,2410455,CITY_TOWN,0.039146384297501516,0.09676485281672126,0.01877510152857798,0.07500366364957141,0.059091735432896156,0.25017261090123255,0.19099998487024927,0.0924038468685561,0.10725503281941892,
216,Q3227235,2410455,WEATHER,0.05393659335269742,0.10531567828935522,0.021844222908376978,0.07480378964038421,0.05594033666700832,0.1454292281664424,0.3689433742441126,0.08918490628135836,0.13045244557709504,
217,Q3230996,2413800,CITY_TOWN,0.002241471795409587,0.02189007390950605,0.0029156986938845076,0.0037508911172013898,0.027382649673799133,0.05191017009657911,0.030898086197063586,0.03691203485469992,0.01989310069760047,
218,Q3230996,2413800,FAMILY,0.009044211231711875,0.05294961620930989,0.007808136373978765,0.016277346724629875,0.04698467756912338,0.053950070689117634,0.05355404089564028,0.14444239991910582,0.061568625701207816,
219,Q3230996,2413800,WEATHER,0.009982698803010899,0.0480667891427754,0.0033442218347184477,0.013741731273561092,0.022527085140785635,0.03792470603573069,0.10699512778163736,0.050481080344850854,0.045964840464701714,
220,S2681351,1906697,CELEBRATIONS,0.025098025404338337,0.07710590924042254,0.009601181179257113,0.04677739998282721,0.036912001905915835,0.08147556186339411,0.09923348699793852,0.09826706081873679,0.32553093587272564,
221,S2681351,1906697,CITY_TOWN,0.013589815815655316,0.04746396992528388,0.013504783878014463,0.02468335244974765,0.017322407923505242,0.15232762714287215,0.07502910269947692,0.04347791502653253,0.04169615450202097,
222,S2681351,1906697,WEATHER,0.021628249410245604,0.09208847254474595,0.01514432959853949,0.054041624211805785,0.07831903652726845,0.1315019282555359,0.27024010307204016,0.11231637394960908,0.11096702868414594,
223,S2889910,2093249,CITY_TOWN,0.012720239933970727,0.05018882626316351,0.009167314103903259,0.014084129013750805,0.052682212066357814,0.16533971377802514,0.07071505889785883,0.07318345017714573,0.047745762250176266,
224,S2889910,2093249,WEATHER,0.015062257880048679,0.07112387894655176,0.0033145616081058146,0.07647532173774536,0.03388792270191029,0.045082130247379726,0.1332255580728999,0.03586087290013879,0.03555807179738188,
225,S2889910,2093249,FAMILY,0.026005284094219462,0.1590917010193239,0.013426237787624123,0.0638635613460929,0.08345838410580755,0.12493671080542555,0.14652968588341456,0.40774882422899095,0.14086690344668035,
226,S2965055,2164649,CELEBRATIONS,0.007939709423159436,0.05072595857331365,0.002050624295472535,0.04388362145359176,0.018460562890721576,0.029363995424315736,0.04418383983816392,0.07324133948668551,0.1624778014088601,
227,S2965055,2164649,CITY_TOWN,0.013582804731510682,0.015498538383968438,0.020081179659753562,0.009293836553767707,0.01708045280827347,0.1335535185060693,0.002733133221184198,0.0091943541705367,0.0007838118449275426,
228,S2965055,2164649,WEATHER,0.013725949617679107,0.08286065118983091,0.0035966213013870667,0.05977235237619484,0.03329170241217499,0.04277258244355589,0.15678783964465398,0.06521447978260685,0.06009719415385899,
229,S3229162,2412284,FAMILY,0.027706222743194675,0.06625978074083448,0.0233459819767127,0.030138539324460395,0.041896322598248346,0.09292279442355138,0.07670088616460485,0.20850269162394391,0.0777734779835085,
230,S3229162,2412284,CITY_TOWN,0.0381562223287361,0.026149564218712913,0.06617797457028067,0.047888122781174144,0.014566579521588009,0.04337018841115791,0.0,0.0037180341535175774,0.0,
231,S3229162,2412284,WEATHER,0.029446288744957406,0.06749627231977115,0.01476676160963013,0.04765529904674637,0.04158275432882542,0.13046290590647527,0.32405073934146933,0.08310674472796625,0.1219594762700607,
232,S3243501,2425181,WEATHER,0.03226561746389213,0.13721088632647924,0.009293896309473103,0.1532316203488947,0.038712757347765546,0.091508927025883,0.2369118260347599,0.14079488858890474,0.14328918309176136,
233,S3243501,2425181,CITY_TOWN,0.02574070669596715,0.10776321600344146,0.010372149683067551,0.07069324467126734,0.024203628929056576,0.13943897796889176,0.1442581811229617,0.09024285310905127,0.05686563935965979,
234,S3243501,2425181,FAMILY,0.01976227006727025,0.15960551146165458,0.019849057568827676,0.04039896318532299,0.026168761683617973,0.05899063208456412,0.07492905278227012,0.20724127488141142,0.054095938147348116,
235,S3243769,2425444,CITY_TOWN,0.0,0.0052496584121142584,0.0033213914961816625,0.0,0.002924315146579511,0.034278491418424976,0.00553574238698311,0.0029856572916154497,0.001416315230640068,
236,S3243769,2425444,FAMILY,0.007270801986323106,0.029678384798005275,0.005659141392103931,0.023832272501353186,0.016668541058746572,0.0308829876979368,0.037385439307372065,0.11774988125973773,0.05111397247923774,
237,S3243769,2425444,WEATHER,0.014767900920216886,0.054211970730746,0.0027398371661379647,0.022695994995452544,0.008566018355556832,0.02687247815041207,0.08932637718783443,0.053380063292875056,0.05778362305222482,
238,T2822138,2028351,CELEBRATIONS,0.036964168313435256,0.08782998125218273,0.024967912389656746,0.05982251479303582,0.038993681103154806,0.08401004375973346,0.11163677743901122,0.11794024735121203,0.3182853114568617,
239,T2822138,2028351,CITY_TOWN,0.04218107780598199,0.07408064365220271,0.025164634500143588,0.028411238422393032,0.04347096100007497,0.25995915448374646,0.10421768866371486,0.07987661091816911,0.06646921729681156,
240,T2822138,2028351,WEATHER,0.03498714654469595,0.08452932377853065,0.012599517849074843,0.0581123601699164,0.05546955357004184,0.11688614613137784,0.2668108140460277,0.07955546081520898,0.1123182917112422,
241,T3272461,2450432,WEATHER,0.009467828161516569,0.024561715247850793,0.0037804288035028304,0.009362975809682345,0.007551148867022402,0.0414919360857479,0.10479713234150498,0.020224620322118088,0.037841827577209344,
242,T3272461,2450432,CITY_TOWN,0.018833186648811593,0.05811830023696676,0.01018630107188636,0.03383901308086283,0.03222235765767603,0.19870622561073342,0.10920460288660253,0.059749705159147126,0.06568405483824287,
243,T3272461,2450432,CELEBRATIONS,0.02635604401263801,0.06347940163145394,0.017033326406551322,0.02147209854739517,0.026720533899497967,0.10822324849684073,0.09151090111495244,0.06199190481014694,0.18934947581783312,
244,T3272529,2450500,CITY_TOWN,0.013992531191983643,0.03669311549226411,0.018293125865915895,0.030862529612142454,0.03735997401716629,0.181815115403747,0.10378860853611435,0.048766072804420656,0.07759757485990762,
245,T3272529,2450500,WEATHER,0.03740558982547771,0.07911304891625671,0.019530545376066077,0.043497917477861775,0.05556407637741353,0.14939754426999383,0.3319623059690828,0.09516988353304008,0.13048088769122565,
246,T3272529,2450500,CELEBRATIONS,0.021652776509333314,0.04795672507360538,0.01936580455458983,0.04231773464934849,0.04137143805028154,0.1201173846256182,0.12669679536092218,0.0501846020191033,0.24744130347251653,
247,U3043229,2238702,CELEBRATIONS,0.011613111728255134,0.055130394308055206,0.003820672111774951,0.02970159852745771,0.03696488731190528,0.05972482810588253,0.07741962741554138,0.08637240463322884,0.26605683186285695,
248,U3043229,2238702,CITY_TOWN,0.015695334120627836,0.0641021997494025,0.007061166414220464,0.021607896550327323,0.03155491351079218,0.17019111091059164,0.07592934778455816,0.06304309297816547,0.0596661149844436,
249,U3043229,2238702,WEATHER,0.012864373689395884,0.030520299752633706,0.013212812294447061,0.015468646886195873,0.023571592252197515,0.06343149705928465,0.12003852151333103,0.03189731445032072,0.04637248427762465,
250,U3175471,2364228,CITY_TOWN,0.0381562223287361,0.026149564218712913,0.06617797457028067,0.047888122781174144,0.014566579521588009,0.04337018841115791,0.0,0.0037180341535175774,0.0,
251,U3175471,2364228,FAMILY,0.0381562223287361,0.026149564218712913,0.06617797457028067,0.047888122781174144,0.014566579521588009,0.04337018841115791,0.0,0.0037180341535175774,0.0,
252,U3175471,2364228,WEATHER,0.0009597479353899352,0.01534224357782686,0.001248436767041025,0.0016060474251689903,0.03671989362676692,0.017977878658777428,0.06964701346349886,0.021766844959682823,0.018448450825926083,
253,U3242989,2424693,CITY_TOWN,0.02232876292171154,0.04151721962721058,0.012418430258713992,0.014581339422597735,0.02110643474643016,0.1693113016828322,0.05230084062494125,0.047109539057599736,0.046747564137232495,
254,U3242989,2424693,FAMILY,0.012131320089375206,0.10331727751269622,0.02055940297098747,0.02446327176466056,0.04334595294819398,0.08344461181266692,0.07577392111076023,0.2573597157580042,0.08072774447332964,
255,U3242989,2424693,WEATHER,0.03751041577162324,0.07507109178932748,0.011837475900712557,0.06553109882633881,0.03243042233021977,0.11524126623492456,0.3550128465057932,0.06844659684882973,0.06981093171667829,
256,V3206205,2391661,CELEBRATIONS,0.01802082281445259,0.077793536350956,0.01788569587753021,0.05003636877920725,0.046299927715050086,0.10685380877901211,0.14362925186945685,0.0855972340342678,0.3796087028646119,
257,V3206205,2391661,CITY_TOWN,0.020431359495749667,0.0781227123605807,0.016007683258708997,0.031893810444582116,0.05893368503645775,0.31305366184598143,0.11649053407894543,0.09039562984345746,0.10202797846487117,
258,V3206205,2391661,WEATHER,0.019255486504821118,0.09039664074406151,0.014493204551834308,0.06234006809809371,0.05056849359836464,0.12285619529627104,0.28474013710938606,0.08693928559988402,0.15386321287967294,
259,V3242993,2424697,CITY_TOWN,0.0381562223287361,0.026149564218712913,0.06617797457028067,0.047888122781174144,0.014566579521588009,0.04337018841115791,0.0,0.0037180341535175774,0.0,
260,V3242993,2424697,FAMILY,0.024117104339421006,0.15336671782386724,0.014345320579026277,0.06627785414469838,0.05481274437893308,0.10223065045187284,0.1651707115050629,0.3349134356394797,0.12184271310545577,
261,V3242993,2424697,WEATHER,0.04580264257998802,0.09721180274143297,0.016606150278461785,0.09404879080445047,0.03772445107454606,0.13293707503965943,0.4138878453936229,0.0887532204666384,0.08830737960651436,
262,V3246581,2428164,WEATHER,0.025125030384164748,0.06634757788148918,0.00787232136577644,0.052965316537503485,0.03315304628470752,0.10545043859448365,0.2641776610863869,0.05164545364073932,0.0660799421199531,
263,V3246581,2428164,CITY_TOWN,0.01810751104656295,0.01725270323257553,0.006726364416507376,0.00662965362021033,0.02529299204924121,0.10969868232464602,0.006666258005414626,0.017667165682243403,0.001288229175505139,
264,V3246581,2428164,FAMILY,0.012490569753839359,0.04171903307343868,0.0072682111375333485,0.01179347559123007,0.028104144162522722,0.024667488738657775,0.008898053652591512,0.13941505010373997,0.0038931353450624637,
265,W2828456,2034428,WEATHER,0.03629648059025722,0.11194113519878575,0.023532203264668157,0.08459634418983883,0.03965729474429689,0.09776585371086353,0.27207998270747313,0.07443867741194846,0.0885719439099511,
266,W2828456,2034428,CELEBRATIONS,0.01428204984961855,0.04806143620841357,0.010092075830581346,0.026022023760575334,0.02510870805177074,0.060001099841962134,0.07361805608744988,0.06137035331903939,0.21648475904703676,
267,W2828456,2034428,CITY_TOWN,0.037327010713700856,0.04481287967417276,0.04096256897382791,0.027321330703792654,0.023523473692060128,0.24478798111362332,0.07331538554001402,0.03706454824305053,0.07265663029760797,
268,W3146649,2337570,CELEBRATIONS,0.023602021857923608,0.10145133925493305,0.015096914594734738,0.0536494807350551,0.03199975015065659,0.07240210134440948,0.09628404831001817,0.07176186386819956,0.21813128283531089,
269,W3146649,2337570,WEATHER,0.029497940232326117,0.1116925935941688,0.02420420200574086,0.05202549733879329,0.05508166714812916,0.12635797527865175,0.255149199102391,0.10088903672062409,0.11078120790578126,
270,W3146649,2337570,CITY_TOWN,0.03940000558462476,0.13764544074620738,0.020705611820136527,0.06907958369891312,0.06704966158781805,0.2919521613227392,0.16911909329682712,0.12917096331350525,0.11040191523216553,
271,W3156472,2346694,CITY_TOWN,0.0381562223287361,0.026149564218712913,0.06617797457028067,0.047888122781174144,0.014566579521588009,0.04337018841115791,0.0,0.0037180341535175774,0.0,
272,W3156472,2346694,FAMILY,0.013192959517379688,0.044296407366789116,0.009088267086782393,0.015833424576488505,0.025887205145970774,0.0394609454886114,0.0486794674452537,0.23078679100632493,0.04482245481520994,
273,W3156472,2346694,WEATHER,0.013765383131015848,0.054096564849194236,0.0038990122169903912,0.047542375847082194,0.013973428764351991,0.04846929087046073,0.21146173339528027,0.03577741777114303,0.03909257656925678,
274,X2949977,2150382,CITY_TOWN,0.022155560263555148,0.04311700562707856,0.014633161852666415,0.016213477135812865,0.03566173591085488,0.14707084227018716,0.060210607015964784,0.06112070516848784,0.03063897656665293,
275,X2949977,2150382,FAMILY,0.020997087317604655,0.0930674114844023,0.022384861176092043,0.027614699888765127,0.05047207047752747,0.07179115990995752,0.0791063108509989,0.2844220219204138,0.07850472266564427,
276,X2949977,2150382,WEATHER,0.015289496135807719,0.02612832339811462,0.003828916775002293,0.009545558737410023,0.014469661855010241,0.03836513579098891,0.09185015373298364,0.03834278656657149,0.029900734008029423,
277,X3198675,2384755,CITY_TOWN,0.0,0.005676963424979689,0.0,0.0,0.012649379313470408,0.013416241213259517,0.0,0.0,0.0,
278,X3198675,2384755,CELEBRATIONS,0.009820336021895457,0.054422651213396775,0.00400849530934666,0.03206668976650075,0.021194158410841133,0.05185203965430961,0.07189564803132087,0.08786685581260728,0.24844282059476,
279,X3198675,2384755,WEATHER,0.01607977529303865,0.08893191027062368,0.00333163465460064,0.08065540450178048,0.021645725033575147,0.04133376131178037,0.2241819105321317,0.02774925362258485,0.036656334549988706,
280,X3244812,2426480,CITY_TOWN,0.0381562223287361,0.026149564218712913,0.06617797457028067,0.047888122781174144,0.014566579521588009,0.04337018841115791,0.0,0.0037180341535175774,0.0,
281,X3244812,2426480,FAMILY,0.014110524412980776,0.08848875593740532,0.01139572521920911,0.029661069520250535,0.06652636178790516,0.06540624338788928,0.07215747138827913,0.32446848730897926,0.09716812751031836,
282,X3244812,2426480,WEATHER,0.03931979181860422,0.07874193540039368,0.016702888350557762,0.041722901253392335,0.030353202878603863,0.09632085889942057,0.2011207739244037,0.09675828305641933,0.10852699080771974,
283,X3259071,2438720,FAMILY,0.027768166060892895,0.08818332846893287,0.015500739667843223,0.0635962358579159,0.025894856900271927,0.07600903355218017,0.09218147042114484,0.27355109916367853,0.10148791290858666,
284,X3259071,2438720,WEATHER,0.02633421089662416,0.07427348747159868,0.0054680376510103474,0.06632072724897167,0.030300337309473256,0.05901420066027917,0.19417267516762718,0.05605888749277786,0.06232939054472639,
285,X3259071,2438720,CITY_TOWN,0.009563270791684328,0.013577620304878123,0.008124125136396609,0.006155826534534538,0.015023680994725026,0.15995871306904286,0.0062399630078737766,0.020058547149183537,0.003310664242090861,
286,Y3093224,2287548,CITY_TOWN,0.011244617325701778,0.018953304412904548,0.01064529223002547,0.015236991225745445,0.009815279386212133,0.12105925048072921,0.03289808293393261,0.014400520474596595,0.016945526527052536,
287,Y3093224,2287548,WEATHER,0.01864730019954524,0.04125979774494999,0.006612421883264436,0.018274302108513843,0.021849911573784048,0.05981252631278317,0.16472322840327536,0.05278433528323115,0.05099310084016081,
288,Y3093224,2287548,CELEBRATIONS,0.01992408496499013,0.04732590960965486,0.01135953305016342,0.016656554026800562,0.019369194013248197,0.045379868420284325,0.04927627159174264,0.03911553866178645,0.17357275948287132,
289,Y3117210,2310557,WEATHER,0.014115264720301427,0.053323942840536175,0.011438536101042679,0.04608832916681212,0.030897425606084352,0.06358390714261686,0.17153381792112068,0.04340948645354678,0.07225103207093234,
290,Y3117210,2310557,CITY_TOWN,0.020598647608942085,0.07985422922487942,0.0035936579342060997,0.09440226194650055,0.025042037182793613,0.10983567048163723,0.07786568731781357,0.048233340574362515,0.060917754383848666,
291,Y3117210,2310557,FAMILY,0.0183870830885281,0.13823363670171235,0.006504835453828087,0.08276596445103468,0.030500455108533546,0.05582745202450119,0.10427955841624895,0.21884775038893528,0.08106329154533146,
292,Y3245913,2427568,CITY_TOWN,0.024819871035949487,0.018203275078486587,0.01808117464018709,0.008851410481576694,0.033294242012465586,0.13787193957355381,0.004659108210082081,0.019529472282714587,0.003202455363081026,
293,Y3245913,2427568,WEATHER,0.02644496899799542,0.1049129529010233,0.00626869967317723,0.08879325869008138,0.038015892571556534,0.08164938148627106,0.30944964966271266,0.07293296365186534,0.08061286897601047,
294,Y3245913,2427568,FAMILY,0.01464311809283605,0.04701646350379517,0.01649573907818067,0.016409717095963373,0.036797222713852815,0.042814452315731194,0.012510135889370302,0.22198297936788894,0.006309878272348225,
295,Z3115214,2308561,CITY_TOWN,0.015932663113660595,0.05432548189198699,0.016945954936157682,0.03024225963500991,0.03432842580200817,0.14595985479232254,0.06705149465181055,0.05224947521737413,0.047461356273169664,
296,Z3115214,2308561,FAMILY,0.011175563523233081,0.1402478045527681,0.01243514662991703,0.021519652606792537,0.0675471784627329,0.06519168581055601,0.06207852048240647,0.21485150133915232,0.07157739304482956,
297,Z3115214,2308561,WEATHER,0.030744142435038476,0.09034727657209606,0.011013022121063015,0.06144925174529904,0.04598948498610184,0.06816697093773315,0.18822492552816822,0.06286318721221497,0.07173441589327235,
298,Z3206200,2391656,WEATHER,0.02201728287729176,0.0883929523493084,0.00942615210167811,0.08406031537586196,0.03454704554466511,0.07082194989518659,0.19580317109871423,0.035054754411745395,0.0781622508713215,
299,Z3206200,2391656,CITY_TOWN,0.01991990065474228,0.03907718972307355,0.030836696462005386,0.024458424477292115,0.025828187096600005,0.23612299936635728,0.07804660041692844,0.05870675620434487,0.04800242218477303,
300,Z3206200,2391656,CELEBRATIONS,0.03146154291427268,0.08541498563863743,0.014935061415935234,0.04539078346030108,0.03880494318607307,0.09129432706113134,0.1122187433375355,0.11963623546623772,0.2948085993746994,
301,B3328361,2480898,WEATHER,0.05617460608277811,0.09311658275519291,0.017069530301625623,0.05911165551231519,0.049624963651128694,0.1719520296694723,0.31192864409048954,0.10427485011469917,0.12374195128396509,
302,B3328361,2480898,FAMILY,0.02678061603197293,0.0946347840703057,0.015570446400498187,0.04567602557699449,0.08350970146232035,0.08319835643786821,0.09712028341794218,0.3467230381520281,0.10801353314622318,
303,B3328361,2480898,CITY_TOWN,0.048556002894895506,0.08167470764220613,0.016850225136488317,0.057357122354619205,0.04404869992905214,0.3519022941664397,0.17287728753695836,0.11697188362600962,0.10297878574688203,
304,E3323175,2479309,WEATHER,0.023731703042708333,0.062201559501140674,0.00941249007226106,0.031244348577741176,0.031922691709532686,0.0761736810143072,0.145660696121359,0.0793510457747859,0.0709342445648331,
305,E3323175,2479309,CITY_TOWN,0.01962104065989778,0.05855381005246787,0.008967650215409514,0.03836319904455513,0.02351268963093018,0.2521991236385176,0.06886158860337119,0.07304549334923455,0.059186358263695074,
306,E3323175,2479309,FAMILY,0.019237172456488275,0.08839320750889466,0.00988110627447864,0.03958325457802146,0.042101240232244805,0.07341390904598023,0.07815818222524626,0.24880261463474035,0.0822019308299122,
307,H3327455,2480214,CITY_TOWN,0.0381562223287361,0.026149564218712913,0.06617797457028067,0.047888122781174144,0.014566579521588009,0.04337018841115791,0.0,0.0037180341535175774,0.0,
308,H3327455,2480214,FAMILY,0.014161090694090248,0.13063583755257166,0.012503829909854417,0.034258599272914456,0.06516085629253501,0.08176252300445996,0.08841836128823087,0.29451942857152447,0.11268475584525424,
309,H3327455,2480214,WEATHER,0.0038708469861952555,0.028929991461599424,0.0021564709463654155,0.009254979986107192,0.018900632175639004,0.024107171751716894,0.05003329156928706,0.04873539429658842,0.029198134414044737,
310,H3327458,2480217,CITY_TOWN,0.0,0.0,0.0,0.0,0.0,0.0,0.0,0.0,0.0,
311,H3327458,2480217,FAMILY,0.013990716644088606,0.08962838695757255,0.011197683033207511,0.022414683345853205,0.032339752346047655,0.039358548791578636,0.052796640261096345,0.2725091938427842,0.045567021487140064,
312,H3327458,2480217,WEATHER,0.0,0.0,0.0,0.0,0.0,0.0,0.0,0.0,0.0,
313,L3319836,2478451,WEATHER,0.023873042088407306,0.04070025548481454,0.01014019849668946,0.02581030831722152,0.03498307415522932,0.0895741984211909,0.18314071334419155,0.04005106991367262,0.0788200616072809,
314,L3319836,2478451,CITY_TOWN,0.01746425394726566,0.06062720346435157,0.017201125547082346,0.020726926966758378,0.04798704572870969,0.23234189632213365,0.07767816626606708,0.08360085867461838,0.06640851659800032,
315,L3319836,2478451,CELEBRATIONS,0.02477071355032864,0.06987077902531362,0.012577132826923132,0.04462538750593488,0.030976804751337853,0.08192126488657514,0.09624766306605519,0.06541347532766775,0.2333992123818531,
316,M3338903,2487374,WEATHER,0.006131439519645685,0.022480282554068545,0.012486966036585948,0.007161959481286609,0.016419627177410263,0.024620739144846783,0.05808516305379592,0.021305339510185928,0.018551922383255995,
317,M3338903,2487374,FAMILY,0.01032159165593018,0.052639868403686896,0.008216703679250223,0.012954892546347303,0.04050394598554618,0.046855238912182594,0.0468567100664637,0.17469965038083363,0.045088842180388784,
318,M3338903,2487374,CITY_TOWN,0.010178241538816874,0.026934039156985022,0.002324068752551231,0.007147858356642127,0.018525891665199072,0.08008703515086435,0.02435781072304089,0.03806483436747225,0.019721436223705854,
319,R3328249,2480786,CITY_TOWN,0.009345265652951365,0.05248649177306669,0.006373906804747403,0.021490848652359954,0.033289573668381686,0.1488660809366997,0.06889074214843069,0.06480256133520124,0.06558513612367495,
320,R3328249,2480786,FAMILY,0.016914637104034583,0.10895247206955497,0.009741747877257644,0.02799027834998435,0.049626135379236054,0.07900944573658779,0.07945265035266769,0.2851682537561755,0.08566328190401792,
321,R3328249,2480786,WEATHER,0.011918843539870362,0.07831384852927958,0.010821608280947144,0.025551887480568358,0.06653511828036864,0.10610587615819338,0.19365765474931357,0.10605468206134487,0.09642164942499105,
322,Z3353777,2499566,FAMILY,0.018703149883336316,0.06904873161139571,0.013001374992251302,0.024906974637995814,0.04102297929311988,0.05672787908764824,0.04408118818671664,0.21898781390510083,0.04225883370627413,
323,Z3353777,2499566,WEATHER,0.017651171257229765,0.014756152781617052,0.0021432554367110707,0.0032691138421283056,0.013240248448839684,0.017763010394553462,0.058671683247686436,0.02702054053616719,0.002201972359322055,
324,Z3353777,2499566,CITY_TOWN,0.0256442098980994,0.04026686199353738,0.019001534909579863,0.02508125272800236,0.02143807291937252,0.1531811829731792,0.04942029316849843,0.042502324860998655,0.0457677855248968,
